system_id,energy_eV,volume_A3,fmax_eV_per_A
P,-772.0472413,10931.528537328964,0.019033885556685476
P_P134N5_a31ed8c7-1605-4f5d-bd26-e5843611b232,-749.53236905,10931.541544,0.14666776430480455
P_P126N9_1fa6f41e-505c-4e2a-8ba7-c3c6443fab8e,-735.20624946,10931.541544,0.1377723194862179
P_P137N2_aad53440-3b76-426e-86f1-2236f98d3e43,-742.85164296,10931.541544,0.1501830367197361
P_P130N6_ba791020-e5c2-4b19-8d8d-c8121118f779,-733.28886147,10931.541544,0.20953285216079912
P_P137N4_75682765-03e7-4858-9f32-c42202c85a99,-761.20672762,10931.541544,0.04150923349902766
P_P141N1_f0b75ece-03f7-46c2-8bc0-1973294e096d,-759.59418863,10931.541544,0.0620446493386545
P_P134N5_aaa1614d-2055-467f-8b81-2ee6d2079f7d,-749.55556941,10931.541544,0.15824115766108765
P_P134N6_a6b45668-5d73-402a-a930-bed430880c8c,-759.55379211,10931.541544,0.04297338923854273
P_P134N2_b92a129c-f235-49ff-9d7a-17762d5bc989,-724.93781772,10931.541544,0.167449252886396
P_P130N9_e2c5c376-7257-4338-943d-2bf5966c3069,-758.72449532,10931.541544,0.08098567860515153
P_P134N1_c9de04e1-bbe0-4d3f-a80f-5fbc20ee4341,-717.33376559,10931.541544,0.24044410125865553
P_P134N5_65de94d6-bf47-4f7d-b5c8-e46f3ee6411d,-750.12952805,10931.541544,0.26788556542099334
P_P134N4_461e2c63-a6ef-4683-9fd5-c7ca0df15ce2,-742.07790644,10931.541544,0.1355383656953392
P_P137N5_ae9ec94c-b37c-4051-b67d-a45e48fef13a,-768.43353624,10931.541544,0.11843517527785444
P_P130N6_de7d770b-cec9-4f6e-8f95-aed0f319626d,-732.23688006,10931.541544,0.1282445844748795
P_P134N7_5c681082-42e5-4bc2-acf1-b232e2db46cc,-767.06047939,10931.541544,0.159990966163815
P_P137N4_3904a9b6-3627-4562-8220-8af78f431b6c,-759.87977625,10931.541544,0.19495332826200656
P_P126N9_7e089551-95a4-43b8-bd0b-5c8c686dbadf,-733.83345496,10931.541544,0.16312478174473122
P_P130N7_67067a32-129b-4042-85a1-9b1472951f67,-741.48101587,10931.541544,0.12671726760499258
P_P134N8_7d0f0dba-f643-4814-a7f7-d75dc3186f5a,-775.68282245,10931.541544,0.10851231722265725
P_P134N7_02381019-d5d0-4d7d-b881-18b484da501e,-766.77304151,10931.541544,0.17184192012123264
P_P141N2_24cbcb02-7eee-4a28-a1ef-54efe7f6deec,-769.6212068,10931.541544,0.1288509988639906
P_P134N3_a583a5c5-7ee5-4059-8db9-de8f911cc29a,-733.3138164,10931.541544,0.1306468781801896
P_P134N3_a677e9e4-ac2d-46cf-a2b1-1d38f6e11e89,-734.1233742,10931.541544,0.10151331388409356
P_P141_ca1f2bf6-6047-42a7-8ed6-287e8e33ea17,-750.88969171,10931.541544,0.10451833528869373
P_P126N9_ce9b0273-a766-430e-ae8b-6fd28920999e,-734.37134736,10931.541544,0.12229334839381331
P_P141N1_01bbc325-f6d9-4b60-aff4-5922339c9f86,-760.28009508,10931.541544,0.13344555873399458
P_P134N4_3febdf35-4e17-4685-965c-0fbd755217de,-741.64138872,10931.541544,0.17820864461841687
P_P141N3_59dd99bf-b3b9-4448-8b93-4f3453089860,-777.86253239,10931.541544,0.11271737233587022
P_P141N2_9010bbf5-7deb-4e2c-aa1b-4501660eb72c,-769.2313637,10931.541544,0.06067160984278396
P_P141N2_5f8e17bc-97e0-4872-8b06-98007f420613,-769.07993691,10931.541544,0.07401994793650019
P_P126N9_6308aee1-9f2a-4d8b-add9-8ccf828e4459,-737.45632325,10931.541544,0.15633470301937602
P_P141N1_25d8f6eb-aebf-4169-b4c4-c0bdd88c8e08,-759.92799906,10931.541544,0.1380978453501752
P_P134N7_7fd36a51-a310-4951-a0a5-8764590b96af,-768.41376462,10931.541544,0.14343622474558512
P_P141N1_f7df6470-19d5-4760-9456-203d83217874,-760.45782572,10931.541544,0.13157982266241813
P_P126N9_697eab6b-5508-41cd-9ca9-361cfb67cff9,-735.8791784,10931.541544,0.20968093671585336
P_P126N9_b8c22e2a-8e47-404b-b815-a42d55b03fae,-734.94002635,10931.541544,0.1769757284423638
P_P141N1_a8b4323a-d54e-49a6-a0bc-553a46cb3529,-761.30966266,10931.541544,0.05090632304169886
P_P137N1_fb22dc6d-9420-4205-a6a5-244e4c826407,-735.4915518,10931.541544,0.044761034309320866
P_P126N9_6dcf339c-6f79-438c-855a-1ee560d903ec,-736.84124375,10931.541544,0.07936641407863027
P_P137N3_b5d74288-e5c7-4ddd-8244-52ce98f90fe9,-752.05089164,10931.541544,0.14606077506818146
P_P130N7_f91e70ca-6967-4b13-9eb7-597606d554fa,-742.46995478,10931.541544,0.1811493340248473
P_P134N9_fda88fe1-afe4-4c5d-a409-454f60e489ae,-785.194565,10931.541544,0.14318696586806218
P_P126N9_da0e2124-eedf-492e-823d-76695615eb97,-734.25720917,10931.541544,0.17095306081468709
P_P141N2_e43de1b1-88a6-41e1-815c-5f73d89009e9,-769.55889574,10931.541544,0.14316048313616925
P_P137N5_5c3d78bd-e423-4753-88da-7d86f4e1b1aa,-769.12473745,10931.541544,0.15686410175338206
P_P130N5_ecdf8c58-5dda-41dd-84a3-7f128e7e4c41,-725.34932653,10931.541544,0.14538565744704152
P_P130N6_0cd4835e-8f7f-4b09-b142-165944c92a15,-731.96166774,10931.541544,0.3028638028015038
P_P126N9_c0b80f3b-a14e-4db9-a38e-9b1ea2b2b306,-732.28774335,10931.541544,0.4574660375991123
P_P134N5_c23221a9-df60-4cdc-9665-4fdc194c5873,-751.29890713,10931.541544,0.06894202949934532
P_P130N7_2135ffc4-91ef-43c5-9c02-a683d45b6bad,-740.51530134,10931.541544,0.08840867567420971
P_P134N8_2ffd6ca1-fb18-4077-9a35-fe1b0c31d1f9,-775.67212194,10931.541544,0.07561151858020973
P_P134N7_f560ee56-a141-49ee-9a7f-f34f7e99a2e5,-767.78666718,10931.541544,0.052225187874957425
P_P134N4_1fe3516f-1738-48a9-9e5e-18be3c987e21,-741.2417241,10931.541544,0.1067062806018343
P_P134N4_38f274f6-4e5b-4e75-af8a-d382b8a7f15f,-741.55726858,10931.541544,0.18637621455752718
P_P134N7_8ff501f0-ae56-4896-8503-ce388fa1a3d3,-766.85356113,10931.541544,0.161176116764467
P_P137N7_fb85ca31-7916-4501-80dc-bb6113a97ae1,-787.31229096,10931.541544,0.028638981042168735
P_P130N7_cde45174-f3e4-4f7a-ab85-24328593d92f,-740.63768354,10931.541544,0.15307908629653824
P_P134N6_2f9acbda-8d5d-41ea-a290-6d9370abf721,-758.21224719,10931.541544,0.9813828666891886
P_P137N5_74427461-f671-4ced-b5cd-ced9d50cd259,-768.49717408,10931.541544,0.11610084671259292
P_P141N1_96995dae-53f3-4495-a5e5-328dcb677907,-760.02735073,10931.541544,0.5392399839025969
P_P134N6_d3a602b0-3ce3-4e8e-82fd-c0b4be0c93b8,-758.79825396,10931.541544,0.14234821558767394
P_P126N9_7e386bda-acfa-4b9b-85ab-262d918dcba3,-734.24949772,10931.541544,0.1335237723250126
P_P130N7_63ba624c-3c3d-48ef-9c65-71c70f391891,-743.50307712,10931.541544,0.16149166516591779
P_P134N7_ba8055c9-84af-487a-8205-307dc5f954a5,-767.71990011,10931.541544,0.17597984633819463
P_P126N9_15ce4969-c812-4508-8e8b-8e608436cd0a,-736.73701687,10931.541544,0.12896845202697985
P_P137N4_dd09ae5b-5741-427f-9f2f-06c66aea79d6,-761.86363484,10931.541544,0.13598379017960854
P_P130N8_6a9c8bef-5a4e-493e-b8d4-7059d206be2b,-751.09120018,10931.541544,0.22646744336285402
P_P126N9_65ed0d6c-b183-4fb8-bb61-ddff09de4b38,-734.61575021,10931.541544,0.07547418372410594
P_P126N9_b53eefc0-790b-4e73-8783-0f3bb8bf1cc2,-735.86774568,10931.541544,0.11604217868698131
P_P141N1_dd6a5668-efc9-4f4c-aee8-ac3472eaf09f,-760.06277292,10931.541544,0.06172255392081569
P_P130N7_66b1afd9-5750-460e-a194-84b877b091c0,-740.89213753,10931.541544,0.21265247366274534
P_P137N3_ef7c3940-76bf-4340-8c6f-62bbf3ab9969,-751.6665527,10931.541544,0.13750645490793004
P_P141N1_1af2b028-736b-48ca-87f2-5c752d827d08,-760.43159075,10931.541544,0.1776698731279431
P_P141_3316d674-3142-4744-aacb-4bbd4ff46387,-752.52560308,10931.541544,0.15985781404128796
P_P137N2_4a1dfd64-7e9d-499a-acd5-a778c137fb55,-742.34442601,10931.541544,0.19087448096379514
P_P137N5_006f3989-8249-47a3-b0a1-cfce4bb48923,-768.99200272,10931.541544,0.0747360440516201
P_P137N4_3dcead56-4e5a-4b78-8f89-10193b208b2d,-761.5580835,10931.541544,0.13786848371728544
P_P141N1_2ba80edc-221d-4ee2-8fcd-e1841b61edd9,-760.89545838,10931.541544,0.02597302868191925
P_P126N9_f0965366-b1c2-499d-916a-56ecd381508f,-735.02980974,10931.541544,0.1911884525989467
P_P137_accbc2ee-96eb-43b9-8340-bd9a206de692,-726.74834658,10931.541544,0.09811959719676443
P_P141N3_031d7f98-cafb-4c11-a8c8-4f6b5627e515,-778.8952785,10931.541544,0.040623539529585556
P_P126N9_8ba22c7c-d0b3-4b60-87e0-5e8cf04d7b20,-734.26827591,10931.541544,0.19737779237391018
P_P130N6_88db6f28-2c41-406d-b843-4a467435e1dd,-734.76725209,10931.541544,0.14335694438217841
P_P130N6_0344baa9-3c0e-4335-b081-f2b8fc5814ff,-733.40442158,10931.541544,0.05839015296328911
P_P134N5_d2b8d242-9a9b-488f-9798-377052a014f7,-749.93510825,10931.541544,0.09924350526974095
P_P137N5_05381aa2-cdbb-45f0-8310-e43bd8a4aeae,-769.29709846,10931.541544,0.11423806285350604
P_P126N9_cae1c228-d2fa-45b1-8b5d-2426da33e9f6,-734.01298253,10931.541544,0.13667940885697083
P_P134N5_a864d784-5a0c-4495-82d5-a679ac327c34,-748.03087973,10931.541544,0.20811561491648195
P_P126N9_e5ce60c6-dcef-4d70-82b8-5fb4c6e6daa5,-734.48432683,10931.541544,0.09751346091300524
P_P134N8_ed83894b-9caf-418b-89c6-c9d163acc79f,-775.66216994,10931.541544,0.11369133831167659
P_P130N6_069edc97-55b9-4d15-979d-c70a3e435e35,-730.91998664,10931.541544,0.0741065283189079
P_P137N3_b6a1be42-2896-4599-abf6-f1447c852b9a,-753.35190587,10931.541544,0.08916091771892884
P_P134N5_57f4ae5f-93fb-43cd-96cd-02bd64f2d098,-751.07716985,10931.541544,0.0903434158477202
P_P130N5_ed2bf4f7-4100-4e7a-8ca4-487c425f22ae,-726.29131686,10931.541544,0.16235858504063097
P_P141N1_2234ee2a-46f8-4f6b-9f5c-8bedf7031556,-761.42207113,10931.541544,0.04951571268295449
P_P134N6_1795fa63-6921-49b3-99d2-6d1d42e69da8,-760.22009515,10931.541544,0.14497525052839327
P_P130N8_5ba3615a-2ff7-4a52-be6b-43df378e9901,-750.94130289,10931.541544,0.10194322551044821
P_P141_6ddd5566-3820-4345-b25c-658be93f7d0c,-751.05195885,10931.541544,0.14653515398518746
P_P130N8_7be5e4fd-b3c6-4971-be20-b6e867dea66e,-750.54487694,10931.541544,0.18549909053401878
P_P134N8_a97435be-b765-4385-9fc5-a6b25d984811,-773.49281905,10931.541544,0.052585770071213185
P_P134N3_fded71ba-b99c-418b-b57d-49fa3248c9e2,-731.21410854,10931.541544,0.1285717908204673
P_P141_129d1ff8-bfb4-4873-989c-36a5e8cbe7ae,-751.43500313,10931.541544,0.14516615655089138
P_P134N4_0353b1ca-5c8a-43b1-b8f5-4f32de886987,-740.06775033,10931.541544,0.05974623507843988
P_P137N4_79b6ab5c-3014-4971-9b96-aba26c1aeb85,-760.64673047,10931.541544,0.1364756906437747
P_P141N1_109c9551-eb9e-47b7-aa59-68e89709a432,-760.40482463,10931.541544,0.13992087790669555
P_P126N9_db00c914-32cb-423f-9b1e-0cca156ced67,-733.91616296,10931.541544,0.20488309497818727
P_P137N3_e4f575e6-b42d-4564-81db-8f036f87fa9e,-753.36826422,10931.541544,0.04144856897914812
P_P126N9_09568168-ac12-4e0c-b9c3-05c2a8237172,-735.47513304,10931.541544,0.1613019588918526
P_P130N7_4a2a1de9-21f5-407c-92b9-fcc691c32f2c,-741.38132779,10931.541544,0.2642185481148553
P_P130N7_cbb24f34-38ab-490e-ba63-d259d94a7542,-741.22859069,10931.541544,0.14441539014898827
P_P141N2_8bc5b068-9187-49d0-b1c1-ef962f5a249e,-769.55408774,10931.541544,0.12545242895492537
P_P137N2_6907ea49-0e60-4841-b013-5894e34bf88a,-743.85217155,10931.541544,0.12825760075769935
P_P137N5_6fc85a7c-d8ff-4e0c-b1d8-287d3ef7dcde,-769.59753145,10931.541544,0.16525150229642874
P_P130N7_01f80b8d-2b13-4c1a-bc47-483b9d022da0,-743.19759263,10931.541544,0.12250100983360464
P_P134N6_da22a42e-e9af-426b-9203-b2620563c393,-758.27979998,10931.541544,0.12072585346212136
P_P126N9_d6c80d9f-05a1-4732-8867-727505ecdc70,-734.46918032,10931.541544,0.06479989759174237
P_P126N9_d712b20e-edf9-4f84-98e3-09189f344383,-733.23607708,10931.541544,0.16179439752814248
P_P141N1_83df32c2-423d-4073-872b-6937e8570b22,-761.36686401,10931.541544,0.04312505981053475
P_P141N2_04a33e23-f383-47b2-b718-95ea4993e1f6,-769.75348586,10931.541544,0.16344949974665599
P_P130N9_1cc12641-fe8e-4de7-b0d4-033e2afb0835,-760.12626017,10931.541544,0.2030501406756878
P_P130N9_a44c00cc-8235-42f4-9c05-bb42b397e8d4,-760.06909872,10931.541544,0.05942580647744631
P_P141N1_64f2c31f-7207-4897-9877-60187bcb87d4,-760.27586336,10931.541544,0.1439502252482951
P_P126N9_b4155960-cde2-4483-9f44-f24548a6e638,-732.41988796,10931.541544,0.1452349209342099
P_P141N1_5b070561-0a88-4c46-9f0e-27ae72550efc,-761.53126732,10931.541544,0.028585933908891276
P_P130N7_ad5f6a9f-a704-4f5e-ba23-947aebf85ffe,-743.03178601,10931.541544,0.14281720535828762
P_P141N1_58ab206a-fb55-47e7-9b8f-9c0b53556a57,-759.65693222,10931.541544,0.04853910823823095
P_P126N9_391eee2d-2512-4811-90f5-6ef38a13d414,-734.22112146,10931.541544,0.08524610944360862
P_P130N9_1b6fc625-17fa-492f-8b99-6f8f33517b1d,-758.78651928,10931.541544,0.12170017892154883
P_P141N3_37434475-2e73-44f5-9518-bc7f77d1301c,-778.7876438,10931.541544,0.030967186608881665
P_P134N6_9da86eec-5598-446e-8969-df136523391d,-758.57087913,10931.541544,0.08874324475408481
P_P126N9_4d9a369e-93dd-4f42-bf3e-4a7f67636aa7,-732.03325687,10931.541544,0.28361707757266186
P_P134N4_1f4f24b8-bb8b-46e4-999c-ae52a386ae3a,-739.51085964,10931.541544,0.07374565693213195
P_P126N9_0a0a6565-d670-47da-9da2-7dde4c4372c9,-734.35897797,10931.541544,0.17099821393145748
P_P134N3_4fc5e85d-3efc-44ae-ae01-4e490ac4a659,-734.15365933,10931.541544,0.13345730007858655
P_P141N1_335774b0-1fb6-4a37-8514-fb4b89b7d8f7,-760.56856118,10931.541544,0.1782268118351257
P_P126N9_c78a55cb-1fab-417a-b1b5-feaa6377d616,-734.67577632,10931.541544,0.20364188586250792
P_P130N6_8780cc4a-2c2c-4e87-b15d-2686726157f0,-733.20426496,10931.541544,0.13391828407633888
P_P130N8_b6b6d550-e53b-4108-b41b-b25643f0fd24,-750.57237555,10931.541544,0.1533854188518436
P_P130N7_db1f83c1-a7fd-4d3f-8e88-008f925c4567,-741.39044741,10931.541544,0.08888608790704032
P_P141_9bd13c7e-f976-4a03-b23e-4c8e3ef39a40,-752.1828197,10931.541544,0.13906853472201539
P_P137N3_f7a7fe1e-05bb-4b37-a4e0-94578dbdf508,-753.35857224,10931.541544,0.06326244146398399
P_P137N2_4d8c34c3-2ad8-4ebf-916a-14524e61569d,-744.2660148,10931.541544,0.0692125186079751
P_P134N6_ddfacc04-1ad3-4d33-aa17-17a6d5d37887,-759.49715494,10931.541544,0.17745849886860815
P_P134N5_f56e1f7a-b220-4377-92eb-6d5b4e24f938,-750.40963943,10931.541544,0.09209606508956666
P_P126N9_b1692ba6-5546-4a4e-8f00-b62c1a864bb6,-735.36693467,10931.541544,0.07597135046229467
P_P126N9_001cebe5-1160-4066-8518-4a11401a1fd7,-731.56250521,10931.541544,0.07016757357237886
P_P141_ba5ccc1f-20c4-4f60-8eee-3d7536c3f3d2,-752.37203364,10931.541544,0.19414492467561598
P_P134N5_c451268e-ac0d-4124-b970-8314fbde1f26,-749.06543026,10931.541544,0.16494584826590242
P_P126N9_cbf225d9-923c-472b-999b-1505b8586322,-734.47659006,10931.541544,0.24905405710145317
P_P130N7_994234e0-6afa-4350-9336-08ff99246c9e,-742.09699649,10931.541544,0.1431404566617576
P_P126N9_f65db996-9b04-4aa3-af3f-d5e5e4b755ff,-734.56360852,10931.541544,0.06667840371691797
P_P137N4_04a6c54d-fdcf-457b-a041-6345740eb494,-759.74570307,10931.541544,0.09868866158741287
P_P134N7_4fc204c8-5fa7-4924-a8ce-d8049b4f8fe1,-766.98538027,10931.541544,0.14859482499611418
P_P130N6_c435a7f0-479d-4698-9c35-17c29f15eda8,-733.32429808,10931.541544,0.057623576654993396
P_P137N4_aba1f3cb-7561-48ab-a680-955dadd8aff4,-761.13030717,10931.541544,0.11741355487203724
P_P141N1_fbf1d7b8-dd1d-4f2f-8aff-7fd912b6f38f,-759.96601609,10931.541544,0.12717071874083005
P_P126N9_b1e453dc-415f-4957-9871-7e364835d182,-734.60386437,10931.541544,0.12482205914091427
P_P137N4_69eea3f5-821b-4a4e-a7f8-7d712a926a5b,-760.57553786,10931.541544,0.1650679190879433
P_P141_83d49210-0207-4b38-a572-a8a582451342,-751.32563273,10931.541544,0.08051705356159154
P_P134N9_c82f4875-98fb-49f1-ab04-283575a00f39,-784.01729447,10931.541544,0.21889728719269455
P_P130N8_d44cef95-6ae9-4b15-b1f6-fb93414e6b3a,-752.1830045,10931.541544,0.19648341197216343
P_P137N2_dce522f0-e6d7-4f11-9ff1-0b62a1b39346,-743.21707416,10931.541544,0.15771628636423982
P_P130N7_500b7dde-9e70-48b6-bec9-192853aa0641,-742.94423103,10931.541544,0.13135394061443986
P_P141N3_9c81ac6e-5f07-49f4-8cab-2f62f253f177,-778.78659215,10931.541544,0.07545197958316203
P_P130N8_4aac5017-d6d9-4292-8811-719a1f60d73b,-750.17410537,10931.541544,0.07668827506749776
P_P141N1_76942033-f334-4500-8066-bd98863415b8,-760.43108011,10931.541544,0.04851543943804488
P_P126N9_474f1e7f-dfcd-4053-91f7-503cc1ea0088,-731.96947801,10931.541544,0.17334124441201465
P_P126N9_ea23f51d-a5bc-4add-8a6f-9dd67d203048,-733.42641348,10931.541544,0.14805398211992543
P_P137N4_78d06775-b86b-457c-a6a6-4c0fb52c0c00,-759.20297794,10931.541544,0.1346232459792628
P_P134N4_8c5769b4-9dc9-4032-abac-2af201bc5d8f,-741.75787545,10931.541544,0.05922353148824038
P_P130N6_efbb5525-a45d-4da4-83d9-5c02ac781399,-731.36383409,10931.541544,0.17148192341808394
P_P126N9_9eb3e12a-558d-48e8-895d-cb367d561b14,-734.60905227,10931.541544,0.14785984468250193
P_P130N7_3bbf346e-d285-465c-bf8f-ec588c33ca93,-744.22752556,10931.541544,0.10954159919372
P_P130N8_b7cd3fbb-0cce-4e9e-847a-c0d906ae51ac,-752.69266036,10931.541544,0.14648785339137202
P_P141N1_61d9a91f-1003-49e6-8021-c94337b2ac08,-760.01230601,10931.541544,0.04243749391042077
P_P141N1_c26dc204-fc9b-4cf9-bcf3-43030fc26fdb,-760.44921931,10931.541544,0.04250925879966152
P_P134N6_6d560aaa-09ea-47a0-b8e5-2f51affd6650,-758.41847045,10931.541544,0.1056422119396508
P_P134N6_7770b6b7-0902-4b9a-8212-c2abcbf9202b,-757.78811732,10931.541544,0.21852992656343298
P_P141N3_d93cbdf7-bf6d-4cab-90cd-f96e43732b07,-778.79295888,10931.541544,0.03367090903893894
P_P126N9_df218ada-bff2-4241-9a7d-fada69001825,-733.86111529,10931.541544,0.06447475092346615
P_P134N7_af75a6dc-efbb-4d85-bed9-0d2a67f0de04,-768.42855894,10931.541544,0.05677049422931423
P_P126N9_a6cd800a-d614-4645-877a-e6de215a9874,-735.9183848,10931.541544,0.08498218174672735
P_P126N9_3cdc2bac-baa7-4d7b-aeb2-d85674fd326b,-736.15929853,10931.541544,0.13859585410951655
P_P126N9_2c43a131-a32a-4372-80ed-cb03ec5f2464,-732.00926465,10931.541544,0.2431103127268907
P_P130N5_eaa7618c-ccd2-429c-8d8a-d050a79aa4f6,-723.28506635,10931.541544,0.17605835240927395
P_P134N6_27a5dcd5-d616-46a0-93b6-c44ea8bd8b70,-758.88323349,10931.541544,0.11178276298322296
P_P134N8_6e157880-fca5-4f07-9385-6575dfeed892,-775.80680475,10931.541544,0.16816240382542108
P_P130N7_b4a015b4-3fc5-4d97-b808-747104c6a144,-740.38110417,10931.541544,0.12951023560091032
P_P126N9_cef8ee4f-27de-48e1-8016-1ba77e9c0658,-736.44631758,10931.541544,0.18114814137110297
P_P126N9_5e3f64e4-f2ac-450e-8cb4-0ad88c9d80c7,-737.08731773,10931.541544,0.04852387265602983
P_P130N6_08ba2b13-49a2-4e21-bb5d-88eb3756f542,-733.75391832,10931.541544,0.19128365346778328
P_P137N2_c936beff-ae7b-4ee9-9b38-1d7d0702ae01,-743.77638338,10931.541544,0.12585957755777508
P_P141N3_a1bea3f0-e862-4a09-9a87-9fc5ce376097,-778.49697076,10931.541544,0.060794242120132555
P_P126N9_48e32e8c-fb3e-4fab-98d2-39f618ea94d6,-733.39509138,10931.541544,0.14899214842154804
P_P141N2_880186a1-64fe-48b6-b506-bfe2f2f1b364,-769.42509308,10931.541544,0.14190690568635655
P_P141N1_d4622668-2c1a-46f9-b5c5-0d35dbb840a2,-759.66273531,10931.541544,0.03572520172428702
P_P126N9_5edfe23f-187b-4840-b1c1-b7e1f3f174c6,-732.99892976,10931.541544,0.16076196567626871
P_P130N9_3fc7f007-8310-411c-a5e8-a0e6c2637a0c,-759.5114697,10931.541544,0.06522517252980249
P_P141_83ddad39-bb28-4896-93f3-a97b8664304f,-751.49618838,10931.541544,0.14494872228069278
P_P141N1_163caa61-5499-4b25-8340-fda78dde7860,-760.34791941,10931.541544,0.14015512649398917
P_P126N9_e2cb621f-63bd-46d0-abf6-c3c83d6977c2,-735.52574038,10931.541544,0.18080026391844592
P_P126N9_e5f4bc08-e0cf-42c3-a894-29fc25f626df,-732.52659136,10931.541544,0.04497880004320813
P_P130N6_37773af0-c054-4339-aa42-6e09ec39bbfc,-732.35683671,10931.541544,0.18267271333978208
P_P137N6_12e00639-d302-4525-be7c-02ffadbf43d7,-779.08998193,10931.541544,0.09916850951532649
P_P134N4_40fd86f6-a77c-4924-a5af-01b02ef8973a,-740.26714891,10931.541544,0.1732324552409461
P_P134N3_cbfa87f8-5485-422b-81ac-40a16b13277a,-731.58236322,10931.541544,0.166951373112176
P_P126N9_e737c37b-ed52-43de-9e34-88efa34d0a72,-732.61071501,10931.541544,0.10091571285877636
P_P134N3_9d8a29c4-56aa-472d-bd90-e365c71ca7aa,-734.20842303,10931.541544,0.18409730984304387
P_P137N4_fc5ec95a-5e62-430b-9f2d-b31bf504f60d,-760.88537294,10931.541544,0.15593359306606322
P_P126N9_fdacf9d4-fc2e-4e9a-80f4-15553a42966e,-732.26438993,10931.541544,0.1289549276383578
P_P141_920f0c10-adc7-45fb-ab06-c91e7cd5fb8d,-752.07874499,10931.541544,0.14136976501260337
P_P126N9_ab84f075-a2a5-4813-a654-eac8d1a824ad,-733.77803952,10931.541544,0.23873984951234137
P_P134N6_d44d6b1b-afde-4b55-b705-eecde5fd12f5,-758.03919268,10931.541544,0.23314756706228504
P_P130N9_27b92406-2dc7-4122-bfb0-0bfa56a5d9ff,-760.88713978,10931.541544,0.09323532236316502
P_P130N9_17b41d60-2546-4181-8472-f88095da555d,-759.09006336,10931.541544,0.0842198345285824
P_P126N9_7fef6429-91c2-4aee-a79c-c727307fb228,-736.23509071,10931.541544,0.13696940665707322
P_P141N1_611c9cde-fd59-4457-848e-f1a2839856c6,-759.66950518,10931.541544,0.04157278947612368
P_P134N5_62a407e9-aa9c-4f88-a27f-c89ec12fe962,-747.74978595,10931.541544,0.19910882664860163
P_P130N8_db7d6523-770a-42fe-b281-0ca1eb35cbf9,-748.88086619,10931.541544,0.18928575153284125
P_P141N1_3a92e1e4-1bff-4be5-b1ca-44fc78809e56,-760.45100341,10931.541544,0.0466571752209186
P_P130N6_fdc59dc5-9b20-461f-9886-29c7d28ee7a0,-733.6884631,10931.541544,0.18445603105669953
P_P141N2_25422909-d4d5-41c2-be6f-33292b1cfc51,-769.20932069,10931.541544,0.0613925825129274
P_P134N6_f49d38e2-e192-4630-bf86-69067535a1ea,-757.49944578,10931.541544,0.12162325501457276
P_P130N6_8f5a7df4-beb3-475e-8e4b-3991d5d4922a,-733.30120664,10931.541544,0.14222845741038395
P_P137N3_b0770001-393a-4760-82d3-3e2a703933ec,-751.14595845,10931.541544,0.09842475075674818
P_P134N3_9b2d83ba-6543-425a-80ee-c038f54762e6,-732.81313656,10931.541544,0.13079789371619216
P_P137N5_b9f572f6-66a3-4b07-a56e-0a741399944b,-769.2287871,10931.541544,0.1539477260684324
P_P126N9_5eeef3f7-d6b6-4112-a8f3-3459ca7bc417,-732.2614069,10931.541544,0.1855849961123307
P_P126N9_7bb4a04b-b3e4-4955-9dba-ca0b5d6dfe7f,-733.83205836,10931.541544,0.18681378419568803
P_P141N2_d8ba1f38-49bb-4586-bf30-fa7ece740f3b,-769.59206978,10931.541544,0.12868731028312078
P_P137N5_06e656eb-7795-4fda-9d25-007c19b32527,-769.33891828,10931.541544,0.1752669221688234
P_P130N6_1d3a8609-0aa7-4147-a144-39eb469c3966,-734.23850523,10931.541544,0.03793189206565499
P_P141N2_ec4f42b1-4dda-49e5-bd0e-a29a817f844a,-769.53605793,10931.541544,0.12393178403155906
P_P126N9_7310b347-6231-44de-b0ff-6da0a8da68f8,-733.60797941,10931.541544,0.14480122484124883
P_P137_065287f6-9bbd-4c7b-82fc-e71e90df7a1c,-726.64039324,10931.541544,0.15746473096857658
P_P134N4_95d6b15c-5a7c-4057-98c2-34ce9f796f3b,-742.52837157,10931.541544,0.23630848500025003
P_P141_d0a3022b-819b-40a6-a751-95a842e0b766,-750.94450726,10931.541544,0.3297557596951965
P_P137N5_2196bc90-7bd5-4062-a293-039358e543ee,-768.93022507,10931.541544,0.11900839128762349
P_P141N2_c32970f1-4e5a-41ad-99fa-7b438791d6a6,-769.59294026,10931.541544,0.1409568597967346
P_P126N9_bc892344-9e68-4a43-bfb3-6c1d5bcbc679,-733.68455008,10931.541544,0.1655313060717132
P_P130N8_df98ff3b-6173-4c50-ae56-97602fdf8885,-751.18555611,10931.541544,0.0564998886561664
P_P141N2_574c0e5c-061c-473f-bfcb-58b534d4c04b,-770.43212413,10931.541544,0.06368299352961747
P_P126N9_7b53fa5a-ba81-4f48-a017-4e02e3c5e6d4,-735.08791666,10931.541544,0.16179760744210714
P_P130N8_ca4965fe-3e77-4fcc-b3c3-b04867b3b6f6,-751.03034026,10931.541544,0.15162853927102807
P_P130N7_65d6b707-d576-4e00-9b6b-a2ac70bdb107,-742.79366277,10931.541544,0.1202816881224083
P_P137N5_a5a1a6a1-16ea-4918-9a4d-e1c39b75bf01,-769.7627819,10931.541544,0.1309151447845042
P_P141_aa34213d-bce4-49ff-a97c-73d3daec8ffc,-752.15912573,10931.541544,0.13916230254757536
P_P137N6_f90d2bb8-cdbd-4e27-91b7-f9c8cb9d4840,-777.83186737,10931.541544,0.05579861027666818
P_P134N4_e02cd285-929e-4369-9fb2-ea222ee54a52,-741.67368822,10931.541544,0.1366322235426574
P_P126N9_1249b0f7-6ba1-4eb3-9696-2c070b951597,-735.13601805,10931.541544,0.197362581575442
P_P137N2_f73f4fd9-4f08-4c31-8f18-4dd41ce90be8,-742.54011378,10931.541544,0.10932265748181665
P_P126N9_9eedb034-d3ea-4bc9-96ab-f9e8140bcc64,-733.00991209,10931.541544,0.14975364780078346
P_P137N3_d8bb5ac7-d807-4f2b-88f6-8b171bfe8850,-751.80142767,10931.541544,0.03334244938693167
P_P134N5_8a956711-e5f7-4e40-bf43-f3eead7e2650,-749.66387682,10931.541544,0.17783013563449476
P_P134N6_c3cf1a78-0368-4c4f-9bba-ba26ce2e58bd,-760.06500236,10931.541544,0.10853582545731386
P_P137N4_87fc71c1-163c-4860-ad4d-f8deb6aa2bdf,-759.07492829,10931.541544,0.1870818832747495
P_P134N6_365a18c8-53a4-4b5f-abda-0c487f036b94,-759.60027711,10931.541544,0.05148880651790154
P_P130N5_80f6bc02-a992-4236-9ff5-295b6a41e29c,-726.14511495,10931.541544,0.2284835231753664
P_P137N5_a222418f-529e-48d7-a06b-d0dbfb5ce22c,-769.46663912,10931.541544,0.07060033451862817
P_P130N9_df91be18-c748-407e-ba23-f1eff4499333,-758.32080091,10931.541544,0.1940855606291952
P_P141N2_edb082e6-7c36-490f-890b-dcebdfc8fd01,-769.71542469,10931.541544,0.17415155537084875
P_P126N9_1730857a-2b5a-4925-9cd8-10b9df1f29ac,-733.78246577,10931.541544,0.1401090657382901
P_P141_0315a297-d591-4160-9fd0-637aadf4ffb1,-751.00225936,10931.541544,0.12632156870771555
P_P130N7_5e586fd5-ff63-46fc-932e-f81f6d62a141,-742.47911636,10931.541544,0.15099600959206239
P_P126N9_3d2e6e89-d1dd-4719-9fb9-22d6fc772e84,-736.49035744,10931.541544,0.19513651485614525
P_P126N9_901a7680-277a-4137-9fb4-55480e3280ab,-732.68764475,10931.541544,0.09200126533879738
P_P126N9_1f7dc053-6c30-4c82-ba4c-335f6d1abf7f,-734.07181682,10931.541544,0.18043760047081234
P_P137N4_e8b9ed0e-efc7-4dbe-b6ed-d5ef80a1e5bf,-762.86853608,10931.541544,0.12808658356774882
P_P141_fdacad83-a78b-4e2f-ae92-30991b6ba411,-752.58382748,10931.541544,0.14411211589469844
P_P130N5_6e3e845b-8c44-44c0-ba72-6328e12f6052,-726.94400149,10931.541544,0.1861963218012566
P_P130N9_743bf692-dea8-42fa-913e-e86dff2ca8a2,-757.06432496,10931.541544,0.20774087586035372
P_P126N9_994200c7-48e7-4478-8d6b-3498cd023aec,-734.48018085,10931.541544,0.16179786373153662
P_P137N1_c35bab9c-c90b-4db7-852d-bc1539029f7a,-733.59911881,10931.541544,0.06416284826325823
P_P126N9_9aa3ffa5-a4ef-4c76-9bef-c8cfc152f2e6,-733.69868104,10931.541544,0.12637422894983177
P_P137N4_48cbff8f-137f-4e9e-9047-75789dc53402,-760.68268111,10931.541544,0.06469615383851887
P_P130N5_4e385960-7233-4e3c-9d15-e61da012e8f7,-725.83011595,10931.541544,0.2483374761024141
P_P126N9_4a95634c-e361-441b-afe6-fee6bcb789c2,-734.85354457,10931.541544,0.14318080628406063
P_P134N4_76bce3cf-0f4f-4e0c-a1c9-c8c6ebcf0a08,-741.8378681,10931.541544,0.22453388078705827
P_P134N8_734e82b4-bec2-4969-a332-7cb2f9972f37,-776.10030631,10931.541544,0.09481379885432606
P_P137N3_d37ce590-09f2-435c-bdb3-fef947d3a8d1,-751.07371045,10931.541544,0.08444924826221072
P_P130N6_c80089f3-fe52-447f-ac9a-4918b4a7a919,-733.97656978,10931.541544,0.1884999040390538
P_P137N5_4d202fbd-a289-4234-a0e7-9a54f3680bd8,-768.56008795,10931.541544,0.04989417557703204
P_P137N2_bc68362b-2933-4b83-a16f-e13db07be34f,-742.69788331,10931.541544,0.17570395099451833
P_P126N9_92e3cf3a-2119-44b5-ac37-ddaebd361279,-735.07195747,10931.541544,0.16526887423234207
P_P137N3_a394036d-f70e-435e-a2c8-325b3674a4d9,-753.26728811,10931.541544,0.07112321583309208
P_P137N2_27a3d97f-c60d-43b7-8020-27c44e8190d6,-740.82476274,10931.541544,0.10005937996421674
P_P141N2_f5146c04-9fdb-48e6-9e68-25fc39298d70,-768.3506078,10931.541544,0.050671221584726964
P_P130N9_f3fab8c3-3ce2-430a-a807-842bb30610ed,-758.72834678,10931.541544,0.13763719103401814
P_P126N9_66cb822e-928f-4034-8a12-3901c8b17d23,-736.27630935,10931.541544,0.1363223476585908
P_P126N9_7380dfa8-dc05-4d80-9588-b428fbab583a,-733.36011307,10931.541544,0.06899584724272687
P_P137N5_415e74c5-4995-4a68-a6a9-0a5cecb41573,-770.64464863,10931.541544,0.05375787031945556
P_P141N2_bd3707fd-126e-42aa-81d6-dc4f1c33bd4c,-769.20523496,10931.541544,0.06102526633918364
P_P126N9_e0cbd1a7-9125-4f00-b5b4-0781ba880106,-735.55428012,10931.541544,0.08160737356822789
P_P141N1_eb47fe64-efcc-49f9-b48e-f16d526947e6,-760.44593685,10931.541544,0.04022990909402357
P_P137N4_135e9e55-91a1-4c0e-bcbc-e8552d1f2ae2,-759.54360482,10931.541544,0.17880001184443417
P_P130N9_bb15c85b-afad-47ab-86be-6fbab1c3264b,-758.19309015,10931.541544,0.19825036979984906
P_P141N1_75f54b62-04bb-4b0b-8b9a-93b7bd83349f,-759.62254377,10931.541544,0.03882432997643874
P_P130N8_08f35635-f38e-4fb1-815e-0fad4f3151b9,-753.12852654,10931.541544,0.08937759906385995
P_P126N9_b1273c09-bf9c-4d25-a799-f3c7013e997b,-733.64603657,10931.541544,0.4589265600298423
P_P134N3_409f65ef-2273-4d8e-a6b1-bb5f60b05449,-732.42754721,10931.541544,0.20048477025059186
P_P134N4_1cf43041-d206-4f94-8eee-bb99bf6bb6e3,-742.0809755,10931.541544,0.046077564597167026
P_P137N4_b958fce9-f0b8-4819-b85f-eeb4809514a1,-760.88521047,10931.541544,0.043736388513117994
P_P137N5_36c19875-7d34-443a-8891-089717d0a176,-770.12501037,10931.541544,0.07747027571154888
P_P126N9_c17d1f02-c3ec-411c-9918-7f513402d117,-733.16577992,10931.541544,0.20914442949586035
P_P134N4_40525fc0-40da-4864-8c25-0c2e48f1dc5d,-740.68482594,10931.541544,0.16257636352178442
P_P137N3_3bf7bdab-9467-4eba-9d3e-dcc4aec17939,-752.17745238,10931.541544,0.16607277113610888
P_P130N8_11fa53a0-1edb-4670-b5f3-e004c73bf4af,-749.34238404,10931.541544,0.16656106539300655
P_P126N9_4c41c46a-fb38-4e43-8130-65d3371d0b25,-733.90134286,10931.541544,0.16654261340417773
P_P126N9_ccc168f3-e29f-4a6d-b7fa-004479c1b6ef,-735.46819637,10931.541544,0.13511065616351361
P_P137N6_c0015495-ea6c-4988-9478-0ff9419acec7,-778.48442104,10931.541544,0.15457400223826903
P_P137N5_bbf5bad7-0099-4585-b8ee-adecb0c032e9,-768.69273744,10931.541544,0.1285735209630805
P_P130N9_6442911f-1ed6-4891-b85a-d1b822e2ebdc,-758.14233489,10931.541544,0.13899835284897372
P_P137N6_539a3b77-1177-49f8-920e-888a9e3efee1,-778.65516156,10931.541544,0.1197989524051229
P_P141N1_25e974fc-6710-4e7b-9e9b-a454cfbc0662,-761.36589144,10931.541544,0.04771965108259489
P_P130N8_dd71e334-eece-43e1-a544-59db454dd3a4,-748.38711432,10931.541544,0.1710401209265601
P_P126N9_25816f4a-6e15-467f-83fc-4e1ea7799e2b,-735.00855468,10931.541544,0.1649725275706631
P_P126N9_b34783d7-2566-4e43-ab6b-ea223bb87b98,-734.44355224,10931.541544,0.08718394267391846
P_P137N2_862356c3-d070-4f77-882c-4ba37debe14c,-743.03255851,10931.541544,0.28948519655515614
P_P126N9_50acf2fa-7559-4526-b45e-dc90898c073a,-732.8061446,10931.541544,0.20377878985015369
P_P137N3_5d7a9374-4632-43f3-b5e8-a64872e7c817,-752.69530771,10931.541544,0.14203794129617972
P_P141N1_2a5c238a-f320-4c80-a986-95192dc44d0e,-759.74214086,10931.541544,0.05370761552501191
P_P141N1_0f9605a1-adb2-4cab-a10d-a3da9f6a6ef4,-760.22409709,10931.541544,0.15354709785066373
P_P130N9_3062eaab-2840-4ec2-9db1-5015c7b9aa4d,-758.12199922,10931.541544,0.18047935586233707
P_P126N9_616fabd0-e1e2-4906-bd70-28893ed869f7,-735.26082646,10931.541544,0.07230924525268466
P_P141N1_a8b6294f-6248-467b-a074-023f9c77ae15,-760.40687428,10931.541544,0.06183362819664798
P_P130N6_a561b15c-3302-48d7-b324-92890d7914a2,-732.05764342,10931.541544,0.16504517404560304
P_P126N9_5f3d0ffd-1140-4c3c-826d-c25b8706254b,-729.83893818,10931.541544,0.1607624340562353
P_P137N4_25cebdb4-20bd-4196-9cbc-1a0232f91e58,-760.46572614,10931.541544,0.21935168929307886
P_P134N5_8fc90672-e572-478f-a6fb-8713e877498b,-750.91569475,10931.541544,0.08026535268869191
P_P141N1_b3c76831-5b66-4cc1-9b39-9529c0600544,-759.56617714,10931.541544,0.0523698248900204
P_P134N5_014d7867-5bbd-4b36-94ca-25f5445d180a,-749.73739681,10931.541544,0.06904828065658043
P_P130N8_e0cbdf57-ff29-441b-b3c1-3f37dc641a17,-750.90607394,10931.541544,0.17879008624703918
P_P137N2_ce428a41-48c5-4b12-a52e-f5ac8d9bda00,-744.05584181,10931.541544,0.14192261737618778
P_P130N9_b6a3ecff-e5af-49b3-a6be-f606fcb52931,-759.11243771,10931.541544,0.1259730221500945
P_P137N1_87eff9d6-e456-4871-9f93-6127e68a435d,-734.02208514,10931.541544,0.0335332879846534
P_P126N9_a36daa6a-06d2-40db-a973-2be30dc2537f,-735.52137689,10931.541544,0.2362381160812719
P_P137N1_e393d1b7-ad39-404b-8cfc-fe1b3d5c7767,-734.24508182,10931.541544,0.15325753944837103
P_P137N4_24b7ffaf-f846-45f9-a439-b45195323ccf,-761.36164835,10931.541544,0.14442976593137163
P_P126N9_dd890994-b39a-4a20-8cb1-365956eeb1d7,-733.80403425,10931.541544,0.1883984381618813
P_P141N1_25980aaa-7c92-4283-b0ee-c686066ea476,-760.6107748,10931.541544,0.030225850537505147
P_P130N6_2a9e4cb0-7871-474d-9a95-90f7718a73c0,-734.47374968,10931.541544,0.04507409601524361
P_P130N7_92210645-49ed-4160-affb-82d7e1378eac,-742.98100378,10931.541544,0.20486229178176665
P_P141N2_2bcc3573-eaa5-4efd-aff2-2e23e9e0712f,-769.53175384,10931.541544,0.12364552497638845
P_P130N9_c882b163-1c7a-49f2-ba35-bc6295794690,-757.48065876,10931.541544,0.08883752087739337
P_P134N7_1c3f1289-4dde-40af-838b-121846aecfd4,-767.42934871,10931.541544,0.10456393654629162
P_P141N1_662448b0-f7fc-407d-904b-487019da347d,-760.10590074,10931.541544,0.058489608959535706
P_P126N9_96b4f96c-bccb-4baf-994b-20008b8038dc,-735.26424271,10931.541544,0.18644573829194006
P_P130N6_218a96bc-dac1-4fa7-8749-3bbb58e1d15d,-732.07626158,10931.541544,0.14785074110500968
P_P137N5_cc69cc56-5c43-41a4-aa3e-40a43b7f7bcf,-769.18802753,10931.541544,0.16741562833908785
P_P134N4_e5ec77f8-8cc3-40ab-8d6b-e52f8d6306e8,-743.30046207,10931.541544,0.07120453151517606
P_P141N1_c235f70d-9130-48b0-a8b8-0f86e06d25fc,-760.2087996,10931.541544,0.14569977092487346
P_P141N1_cb33545b-b49e-4146-a875-355a485da47b,-760.14322217,10931.541544,0.1406170975252789
P_P134N3_7ebc2d09-bdac-4179-a839-c70d9f23c09f,-733.00564647,10931.541544,0.11908093893348087
P_P137N4_b6921c41-11fa-4638-a0f7-d20281b453ba,-761.1265412,10931.541544,0.1543075936658164
P_P137N4_bc856342-ae65-4e24-931f-eaab57557646,-760.84918769,10931.541544,0.08984961237837423
P_P134N4_89dc2314-6579-4424-b6c7-d062222a43ae,-741.94842274,10931.541544,0.04288151153676955
P_P141N2_bc3aa07a-bc1b-41f5-944f-e64ef3d18307,-769.26726802,10931.541544,0.04806770485816543
P_P134N5_82af502a-3429-4a1d-a6e2-cdce7962a6e0,-750.26585885,10931.541544,0.1489312679670921
P_P137N4_fdfb3e17-3c2f-46aa-acba-6e3ccfba43d6,-759.4100948,10931.541544,0.11366484845818342
P_P130N6_0d633713-96c7-4680-a937-c42cfffc14a7,-733.36498958,10931.541544,0.12383909264151648
P_P130N7_09c76836-eafc-4eba-bc4d-3fbead153841,-741.72926316,10931.541544,0.12797984753480957
P_P134N4_868ae9b7-8335-4856-9a20-e132e014bf56,-740.56086079,10931.541544,0.2029118578367706
P_P134N4_a9df820c-b893-41d5-814e-7bcaac40821e,-742.7246974,10931.541544,0.17940656427026466
P_P126N9_e4c357cc-06ee-4854-8a92-f31c1c63a107,-734.12681455,10931.541544,0.14518968659051132
P_P134N6_0c75b3d9-dab1-4c86-b4aa-8a992d8eccb7,-758.79591977,10931.541544,0.1642331971352202
P_P134N6_df8cffd8-9f7c-4440-8b00-55c9855a256b,-756.78958262,10931.541544,0.19764029914947484
P_P137N3_3ed80fe8-f19f-40bd-9e99-8575a2eb5cfa,-751.52464812,10931.541544,0.20071869408257792
P_P141N1_af730d2e-7790-46db-8751-75e46bf49b68,-760.03905482,10931.541544,0.0318953349116591
P_P141N2_14c141e4-b42a-493f-a636-8ab7ac395859,-769.54630468,10931.541544,0.12093975142833063
P_P137N2_f7041a57-205f-43c6-a02d-0e6cc05dbdb4,-744.06257205,10931.541544,0.11851623904576199
P_P141N3_fc942ccc-3244-4a56-ad44-d8387123e395,-778.79871974,10931.541544,0.043454776940328434
P_P141N1_3403a2e7-4573-4feb-8789-743249e131e6,-760.24420796,10931.541544,0.18465459412812588
P_P137N5_45a9746a-48b3-4d58-a67e-b61c699017c3,-770.10457508,10931.541544,0.03147601342395984
P_P126N9_5a4aaa7a-1bb5-4288-b9b7-d1614f1ae52d,-734.51765203,10931.541544,0.14722045978984238
P_P126N9_bf090566-616e-4677-859f-52e2702aac83,-733.60393427,10931.541544,0.16988755919811493
P_P134N7_b7fc819a-e88b-4ba3-bee1-6524c1a35842,-767.20102254,10931.541544,0.08880648166562957
P_P130N5_4c457252-3cad-4d67-9a4c-b51053edab2e,-727.19008472,10931.541544,0.1181732247472252
P_P137N3_593706db-4f9f-4acc-b2e0-9c2fb11b498f,-750.08004009,10931.541544,0.13689855528862716
P_P137N3_54ce393d-7973-471e-9ba0-f0f662413b26,-752.61730763,10931.541544,0.049429486122889235
P_P130N9_9c55fcfb-4852-4fb8-8dba-4928deac216e,-759.4381671,10931.541544,0.1769636626683741
P_P126N9_12f21d69-5dd9-414e-8725-6bf198669ca2,-736.41320073,10931.541544,0.1680835093774404
P_P126N9_40065ef3-33a4-4a04-a7b0-f6b2e2454d9b,-732.96125205,10931.541544,0.15201921790996328
P_P134N3_15b930fc-1826-40d2-96ba-9d74d17dabd3,-732.66297358,10931.541544,0.1612038962921486
P_P130N6_b948f9c5-ec94-4745-b51c-f6bc89cb8bf4,-733.72163805,10931.541544,0.13810634697767443
P_P126N9_abced2ad-8c61-4825-9b25-e5ff92ad6b6f,-733.27076602,10931.541544,0.24611544867932245
P_P134N5_f507163f-08d6-4049-b4fc-752a8460244b,-752.04935306,10931.541544,0.11094127359478166
P_P141N2_2ea7bdd4-233f-4fac-bca7-25de4cc0ba19,-769.88573578,10931.541544,0.0668839945650415
P_P126N9_82a2caa2-55c6-4409-8ad3-fb3dd6f1081c,-737.58627583,10931.541544,0.16877619309660294
P_P137N3_cb9a5369-d2e8-41c5-976a-bd149ee360f2,-752.36215189,10931.541544,0.12196148393796995
P_P126N9_314e6036-22ea-459f-baa1-603a415ca576,-738.07437553,10931.541544,0.1528629359093819
P_P130N9_8de0d577-74d0-44a2-aeee-f08f4fe990b2,-760.23366935,10931.541544,0.08144215370075007
P_P141N2_e2c8d392-c69d-4805-bcb6-f4329e5d3569,-769.37669009,10931.541544,0.07214289704049597
P_P126N9_68f9d9d1-776d-4373-add0-d476a5c00f6b,-734.66596236,10931.541544,0.1913454105769203
P_P134N6_3b0609d7-100e-4770-b032-4f7ccb643c8a,-758.39887144,10931.541544,0.14303354898073878
P_P137N4_6112b49f-2026-4ddf-ab15-6deb6596ec9c,-760.49338165,10931.541544,0.19162250235415543
P_P130N5_2c0a7c70-64dc-4f8e-9ad2-76b9b63faab8,-723.48364974,10931.541544,0.1547055017972425
P_P137N4_45f18f50-3411-4635-a490-87621b74004d,-760.10872276,10931.541544,0.12070977410016596
P_P141N2_f8206bfb-ea13-472f-bc5a-e614528efe52,-769.5610598,10931.541544,0.1664452089774512
P_P137N4_6fc50b2e-fc19-445d-b736-23c9c1ca2981,-760.02056032,10931.541544,0.14482843746665913
