model,cif_id,system,formula,is_pristine,natoms_model,natoms_dft,E_init_model_eV,E_final_model_eV,E_init_model_per_atom_eV,E_final_model_per_atom_eV,dE_model_eV,dE_model_per_atom_eV,E_init_dft_eV,E_final_dft_eV,E_init_dft_per_atom_eV,E_final_dft_per_atom_eV,dE_dft_eV,dE_dft_per_atom_eV,dE_dft_scaled_to_model_eV,dE_model_scaled_to_dft_eV,ratio_dft_to_model,dft_source,notes,pristine_ratio_dft_to_model
DPA3,P_P126N9_4857f4db-c231-4413-ae85-3ebc41741bcc,P,P126N9,False,135,135,-705.626145586005,-734.10029703342,-5.226860337674111,-5.4377799780253335,-28.47415144741501,-0.2109196403512223,-705.23322315,-733.02720645,-5.223949801111111,-5.429831158888889,-27.793983300000036,-0.20588135777777805,-27.793983300000036,-28.47415144741501,1.0,vasprun:ionic,model=DPA3;dft-match:P_P126N9_4857f4db-c231-4413-ae85-3ebc41741bcc_unrelaxed/vasprun.xml;dump-match:BP_spin_500_P126N9_4857f4db-c231-4413-ae85-3ebc41741bcc_unrelaxed,
DPA3,P_P126N9_72625443-b1e7-46d4-ae25-d5d00e84ff62,P,P126N9,False,135,135,-701.762193426123,-736.706378623476,-5.198238469823133,-5.457084286099822,-34.94418519735302,-0.25884581627668907,-701.83599038,-736.36911471,-5.198785113925926,-5.454586034888889,-34.533124329999964,-0.2558009209629627,-34.533124329999964,-34.94418519735302,1.0,vasprun:ionic,model=DPA3;dft-match:P_P126N9_72625443-b1e7-46d4-ae25-d5d00e84ff62_unrelaxed/vasprun.xml;dump-match:BP_spin_500_P126N9_72625443-b1e7-46d4-ae25-d5d00e84ff62_unrelaxed,
DPA3,P_P126N9_99e52c62-7004-4c8b-8dc2-23541285b4c4,P,P126N9,False,135,135,-702.757343873015,-733.501901343098,-5.205609954614926,-5.4333474173562815,-30.74455747008301,-0.22773746274135562,-702.6103618,-731.56949287,-5.204521198518519,-5.419033280518518,-28.959131070000012,-0.2145120820000001,-28.959131070000016,-30.74455747008301,1.0,vasprun:ionic,model=DPA3;dft-match:P_P126N9_99e52c62-7004-4c8b-8dc2-23541285b4c4_unrelaxed/vasprun.xml;dump-match:BP_spin_500_P126N9_99e52c62-7004-4c8b-8dc2-23541285b4c4_unrelaxed,
DPA3,P_P126N9_e0754269-d136-48fc-b413-c67e15d0c3cf,P,P126N9,False,135,135,-705.326639994612,-736.028707459202,-5.224641777737867,-5.4520644996977925,-30.70206746458996,-0.22742272195992563,-705.20619324,-734.99282929,-5.223749579555555,-5.444391328074074,-29.786636050000084,-0.22064174851851914,-29.786636050000084,-30.70206746458996,1.0,vasprun:ionic,model=DPA3;dft-match:P_P126N9_e0754269-d136-48fc-b413-c67e15d0c3cf_unrelaxed/vasprun.xml;dump-match:BP_spin_500_P126N9_e0754269-d136-48fc-b413-c67e15d0c3cf_unrelaxed,
DPA3,P_P126N9_ecb3b163-ce50-404d-9fcf-cb7eeacaa170,P,P126N9,False,135,135,-702.591918810835,-733.829461723199,-5.204384583783963,-5.435773790542214,-31.237542912364006,-0.2313892067582519,-702.39953406,-733.53484445,-5.202959511555555,-5.43359144037037,-31.135310390000086,-0.23063192881481545,-31.135310390000086,-31.237542912364006,1.0,vasprun:ionic,model=DPA3;dft-match:P_P126N9_ecb3b163-ce50-404d-9fcf-cb7eeacaa170_unrelaxed/vasprun.xml;dump-match:BP_spin_500_P126N9_ecb3b163-ce50-404d-9fcf-cb7eeacaa170_unrelaxed,
DPA3,P_P126N9_f83295f4-ef27-40c7-a9f8-1ba8f32138c5,P,P126N9,False,135,135,-702.407555088034,-735.967517092457,-5.20301892657803,-5.451611237721904,-33.55996200442303,-0.24859231114387428,-703.19897699,-735.57761524,-5.208881311037037,-5.448723075851852,-32.378638249999995,-0.23984176481481478,-32.378638249999995,-33.55996200442303,1.0,vasprun:ionic,model=DPA3;dft-match:P_P126N9_f83295f4-ef27-40c7-a9f8-1ba8f32138c5_unrelaxed/vasprun.xml;dump-match:BP_spin_500_P126N9_f83295f4-ef27-40c7-a9f8-1ba8f32138c5_unrelaxed,
DPA3,P_P130N5_215544be-bf9c-449d-8483-f0a975ef4feb,P,P130N5,False,135,135,-704.048792538914,-726.39759354082,-5.215176241028993,-5.380722915117185,-22.348801001906054,-0.16554667408819299,-703.89944328,-726.66980601,-5.214069950222222,-5.382739303777778,-22.770362729999988,-0.16866935355555546,-22.770362729999988,-22.348801001906054,1.0,vasprun:ionic,model=DPA3;dft-match:P_P130N5_215544be-bf9c-449d-8483-f0a975ef4feb_unrelaxed/vasprun.xml;dump-match:BP_spin_500_P130N5_215544be-bf9c-449d-8483-f0a975ef4feb_unrelaxed,
DPA3,P_P130N5_2d2edeb9-0215-4da6-873c-d39a5a44fe39,P,P130N5,False,135,135,-703.871671972546,-726.302436409267,-5.213864236833674,-5.380018047476052,-22.430764436721006,-0.16615381064237783,-703.8351215,-724.53594898,-5.213593492592593,-5.366932955407407,-20.70082747999993,-0.1533394628148143,-20.700827479999933,-22.430764436721006,1.0,vasprun:ionic,model=DPA3;dft-match:P_P130N5_2d2edeb9-0215-4da6-873c-d39a5a44fe39_unrelaxed/vasprun.xml;dump-match:BP_spin_500_P130N5_2d2edeb9-0215-4da6-873c-d39a5a44fe39_unrelaxed,
DPA3,P_P130N5_73b92a80-edba-4628-aa33-53087cf4717d,P,P130N5,False,135,135,-702.264740166935,-725.08358326343,-5.201961038273592,-5.370989505655037,-22.818843096495016,-0.16902846738144456,-702.50511886,-725.05335368,-5.203741621185186,-5.370765582814815,-22.548234819999948,-0.16702396162962924,-22.548234819999948,-22.818843096495016,1.0,vasprun:ionic,model=DPA3;dft-match:P_P130N5_73b92a80-edba-4628-aa33-53087cf4717d_unrelaxed/vasprun.xml;dump-match:BP_spin_500_P130N5_73b92a80-edba-4628-aa33-53087cf4717d_unrelaxed,
DPA3,P_P130N5_8b8b7b1a-f34c-489d-88eb-451613270b3d,P,P130N5,False,135,135,-702.679640946659,-725.256935206923,-5.205034377382659,-5.372273594125356,-22.57729426026401,-0.16723921674269637,-702.9459173,-724.60245667,-5.207006794814815,-5.367425604962963,-21.65653937000002,-0.1604188101481483,-21.65653937000002,-22.57729426026401,1.0,vasprun:ionic,model=DPA3;dft-match:P_P130N5_8b8b7b1a-f34c-489d-88eb-451613270b3d_unrelaxed/vasprun.xml;dump-match:BP_spin_500_P130N5_8b8b7b1a-f34c-489d-88eb-451613270b3d_unrelaxed,
DPA3,P_P130N6_ad4e8262-bfb5-49be-8679-a28ee4287eef,P,P130N6,False,136,136,-711.541791046772,-735.573048124824,-5.231924934167441,-5.408625353859001,-24.031257078052022,-0.17670041969155897,-711.97562402,-736.36033888,-5.2351148825000005,-5.414414256470588,-24.384714859999917,-0.17929937397058762,-24.384714859999917,-24.031257078052022,1.0,vasprun:ionic,model=DPA3;dft-match:P_P130N6_ad4e8262-bfb5-49be-8679-a28ee4287eef_unrelaxed/vasprun.xml;dump-match:BP_spin_500_P130N6_ad4e8262-bfb5-49be-8679-a28ee4287eef_unrelaxed,
DPA3,P_P130N6_ee74078f-bc7a-4330-a46a-c9964d4dabd2,P,P130N6,False,136,136,-712.156609738979,-735.820242012653,-5.236445659845434,-5.41044295597539,-23.66363227367401,-0.17399729612995596,-712.1179139,-734.67550145,-5.236161131617647,-5.402025745955882,-22.557587549999994,-0.16586461433823524,-22.557587549999994,-23.66363227367401,1.0,vasprun:ionic,model=DPA3;dft-match:P_P130N6_ee74078f-bc7a-4330-a46a-c9964d4dabd2_unrelaxed/vasprun.xml;dump-match:BP_spin_500_P130N6_ee74078f-bc7a-4330-a46a-c9964d4dabd2_unrelaxed,
DPA3,P_P130N7_2dd91df6-6100-4305-adb3-79179704cffe,P,P130N7,False,137,137,-719.185598246608,-742.892302684341,-5.249529914208818,-5.422571552440445,-23.706704437732924,-0.1730416382316272,-719.45479208,-741.8432598,-5.25149483270073,-5.414914305109489,-22.388467720000108,-0.16341947240875992,-22.38846772000011,-23.706704437732924,1.0,vasprun:ionic,model=DPA3;dft-match:P_P130N7_2dd91df6-6100-4305-adb3-79179704cffe_unrelaxed/vasprun.xml;dump-match:BP_spin_500_P130N7_2dd91df6-6100-4305-adb3-79179704cffe_unrelaxed,
DPA3,P_P130N7_e236b37e-ec6c-4beb-a178-c706965a3988,P,P130N7,False,137,137,-718.150335065876,-741.885772861396,-5.241973248656029,-5.415224619426248,-23.735437795520056,-0.17325137077021938,-718.32593285,-740.29589264,-5.243254984306569,-5.40361965430657,-21.969959790000075,-0.16036467000000054,-21.969959790000075,-23.735437795520056,1.0,vasprun:ionic,model=DPA3;dft-match:P_P130N7_e236b37e-ec6c-4beb-a178-c706965a3988_unrelaxed/vasprun.xml;dump-match:BP_spin_500_P130N7_e236b37e-ec6c-4beb-a178-c706965a3988_unrelaxed,
DPA3,P_P130N8_4da67312-af60-4b2d-adf5-10c7bd23799c,P,P130N8,False,138,138,-724.895336647426,-748.638431747352,-5.252864758314681,-5.424916172082261,-23.743095099925995,-0.17205141376757968,-724.73073633,-748.88124815,-5.251672002391304,-5.426675711231884,-24.15051182000002,-0.17500370884057986,-24.15051182000002,-23.743095099925995,1.0,vasprun:ionic,model=DPA3;dft-match:P_P130N8_4da67312-af60-4b2d-adf5-10c7bd23799c_unrelaxed/vasprun.xml;dump-match:BP_spin_500_P130N8_4da67312-af60-4b2d-adf5-10c7bd23799c_unrelaxed,
DPA3,P_P130N9_743bf692-dea8-42fa-913e-e86dff2ca8a2,P,P130N9,False,139,139,-733.189995931423,-757.998377637899,-5.274748172168511,-5.453225738402151,-24.808381706475984,-0.17847756623364017,-733.14011166,-757.22999841,-5.274389292517986,-5.44769783028777,-24.089886750000005,-0.17330853776978422,-24.089886750000005,-24.808381706475984,1.0,vasprun:ionic,model=DPA3;dft-match:P_P130N9_743bf692-dea8-42fa-913e-e86dff2ca8a2_unrelaxed/vasprun.xml;dump-match:BP_spin_500_P130N9_743bf692-dea8-42fa-913e-e86dff2ca8a2_unrelaxed,
DPA3,P_P134N2_7d818b15-98d7-46a0-8001-037c616cfa2c,P,P134N2,False,136,136,-710.940867223695,-724.777275302366,-5.227506376644817,-5.329244671340926,-13.836408078670956,-0.10173829469610997,-711.00341092,-724.62419005,-5.227966256764706,-5.328119044485295,-13.620779130000074,-0.10015278772058878,-13.620779130000074,-13.836408078670956,1.0,vasprun:ionic,model=DPA3;dft-match:P_P134N2_7d818b15-98d7-46a0-8001-037c616cfa2c_unrelaxed/vasprun.xml;dump-match:BP_spin_500_P134N2_7d818b15-98d7-46a0-8001-037c616cfa2c_unrelaxed,
DPA3,P_P134N3_0bbe3973-1534-431a-8cd6-f17dd0ee3b7a,P,P134N3,False,137,137,-719.807369893388,-733.840879535274,-5.254068393382394,-5.356502770330467,-14.033509641885985,-0.10243437694807288,-719.60078242,-735.94511828,-5.252560455620438,-5.371862177226277,-16.34433586,-0.11930172160583942,-16.34433586,-14.033509641885985,1.0,vasprun:ionic,model=DPA3;dft-match:P_P134N3_0bbe3973-1534-431a-8cd6-f17dd0ee3b7a_unrelaxed/vasprun.xml;dump-match:BP_spin_500_P134N3_0bbe3973-1534-431a-8cd6-f17dd0ee3b7a_unrelaxed,
DPA3,P_P134N3_bdc16de1-0e53-494f-a5e7-3c84bce2ac04,P,P134N3,False,137,137,-718.579550450639,-733.275155385928,-5.245106207668898,-5.352373396977576,-14.695604935288998,-0.10726718930867882,-718.79951257,-732.81584272,-5.246711770583942,-5.349020749781022,-14.01633014999993,-0.10230897919707979,-14.01633014999993,-14.695604935288998,1.0,vasprun:ionic,model=DPA3;dft-match:P_P134N3_bdc16de1-0e53-494f-a5e7-3c84bce2ac04_unrelaxed/vasprun.xml;dump-match:BP_spin_500_P134N3_bdc16de1-0e53-494f-a5e7-3c84bce2ac04_unrelaxed,
DPA3,P_P134N3_dda7d839-bc4d-48cb-a66f-1ba5db069526,P,P134N3,False,137,137,-718.28866047223,-733.270136689739,-5.242982923154964,-5.352336764158679,-14.981476217508998,-0.10935384100371531,-718.44916649,-732.86983133,-5.244154499927007,-5.349414827226277,-14.420664839999972,-0.10526032729926987,-14.420664839999972,-14.981476217508998,1.0,vasprun:ionic,model=DPA3;dft-match:P_P134N3_dda7d839-bc4d-48cb-a66f-1ba5db069526_unrelaxed/vasprun.xml;dump-match:BP_spin_500_P134N3_dda7d839-bc4d-48cb-a66f-1ba5db069526_unrelaxed,
DPA3,P_P134N4_6e5f359b-6e75-4487-8517-24b248721bf2,P,P134N4,False,138,138,-726.212667795854,-741.977006676631,-5.262410636201841,-5.376644975917617,-15.764338880777018,-0.1142343397157755,-726.52764462,-741.27972253,-5.264693076956522,-5.371592192246377,-14.752077909999912,-0.10689911528985444,-14.752077909999912,-15.764338880777018,1.0,vasprun:ionic,model=DPA3;dft-match:P_P134N4_6e5f359b-6e75-4487-8517-24b248721bf2_unrelaxed/vasprun.xml;dump-match:BP_spin_500_P134N4_6e5f359b-6e75-4487-8517-24b248721bf2_unrelaxed,
DPA3,P_P134N4_767a10da-c92d-4725-90de-c0a8f0de82ce,P,P134N4,False,138,138,-727.3990660636,-741.952265831666,-5.271007725098551,-5.376465694432362,-14.553199768065952,-0.10545796933381124,-727.50677481,-741.1444366,-5.27178822326087,-5.37061185942029,-13.637661789999925,-0.09882363615941975,-13.637661789999925,-14.553199768065952,1.0,vasprun:ionic,model=DPA3;dft-match:P_P134N4_767a10da-c92d-4725-90de-c0a8f0de82ce_unrelaxed/vasprun.xml;dump-match:BP_spin_500_P134N4_767a10da-c92d-4725-90de-c0a8f0de82ce_unrelaxed,
DPA3,P_P134N5_2fb2dac9-625b-4a58-8d71-1ab73a779346,P,P134N5,False,139,139,-733.819595456201,-750.131220951754,-5.2792776651525255,-5.396627488861539,-16.311625495553017,-0.1173498237090145,-733.48285338,-750.60629783,-5.27685506028777,-5.400045308129497,-17.123444449999965,-0.12319024784172637,-17.123444449999965,-16.311625495553017,1.0,vasprun:ionic,model=DPA3;dft-match:P_P134N5_2fb2dac9-625b-4a58-8d71-1ab73a779346_unrelaxed/vasprun.xml;dump-match:BP_spin_500_P134N5_2fb2dac9-625b-4a58-8d71-1ab73a779346_unrelaxed,
DPA3,P_P134N6_830832b7-0dd2-4f20-b337-b06a84de9d62,P,P134N6,False,140,140,-741.718744185883,-758.696228874046,-5.297991029899165,-5.419258777671757,-16.97748468816303,-0.12126774777259308,-741.57528259,-758.24109984,-5.296966304214286,-5.416007855999999,-16.665817249999918,-0.1190415517857137,-16.665817249999918,-16.97748468816303,1.0,vasprun:ionic,model=DPA3;dft-match:P_P134N6_830832b7-0dd2-4f20-b337-b06a84de9d62_unrelaxed/vasprun.xml;dump-match:BP_spin_500_P134N6_830832b7-0dd2-4f20-b337-b06a84de9d62_unrelaxed,
DPA3,P_P134N7_618fa7fd-b549-4eda-a5a2-2091f6fae7ba,P,P134N7,False,141,141,-749.178229863007,-767.796520644982,-5.313320779170263,-5.445365394645263,-18.61829078197502,-0.13204461547500015,-748.76012974,-768.11628177,-5.310355530070922,-5.447633204042553,-19.356152029999976,-0.13727767397163104,-19.356152029999976,-18.618290781975023,1.0,vasprun:ionic,model=DPA3;dft-match:P_P134N7_618fa7fd-b549-4eda-a5a2-2091f6fae7ba_unrelaxed/vasprun.xml;dump-match:BP_spin_500_P134N7_618fa7fd-b549-4eda-a5a2-2091f6fae7ba_unrelaxed,
DPA3,P_P134N7_e6d8503d-2d3e-4f27-a8a3-d4c9252f50ee,P,P134N7,False,141,141,-749.012244159539,-767.487703332861,-5.312143575599568,-5.443175200942276,-18.47545917332195,-0.13103162534270887,-748.79700722,-767.30946277,-5.310617072482269,-5.441911083475177,-18.512455550000027,-0.131294010992908,-18.512455550000027,-18.47545917332195,1.0,vasprun:ionic,model=DPA3;dft-match:P_P134N7_e6d8503d-2d3e-4f27-a8a3-d4c9252f50ee_unrelaxed/vasprun.xml;dump-match:BP_spin_500_P134N7_e6d8503d-2d3e-4f27-a8a3-d4c9252f50ee_unrelaxed,
DPA3,P_P134N8_1940fe06-4315-4639-b6ea-12f7b20b6692,P,P134N8,False,142,142,-756.022280893525,-775.102991706928,-5.324100569672711,-5.458471772584001,-19.080710813403016,-0.13437120291128885,-755.58368301,-774.65398141,-5.321011852183099,-5.4553097282394365,-19.07029840000007,-0.13429787605633853,-19.07029840000007,-19.080710813403016,1.0,vasprun:ionic,model=DPA3;dft-match:P_P134N8_1940fe06-4315-4639-b6ea-12f7b20b6692_unrelaxed/vasprun.xml;dump-match:BP_spin_500_P134N8_1940fe06-4315-4639-b6ea-12f7b20b6692_unrelaxed,
DPA3,P_P134N8_77084258-796b-405c-8b5a-17d19cee3337,P,P134N8,False,142,142,-757.110818586548,-775.97477216204,-5.3317663280742815,-5.464611071563662,-18.86395357549202,-0.1328447434893804,-756.56360189,-775.81406828,-5.3279126893661966,-5.463479354084507,-19.250466390000042,-0.13556666471831016,-19.250466390000042,-18.86395357549202,1.0,vasprun:ionic,model=DPA3;dft-match:P_P134N8_77084258-796b-405c-8b5a-17d19cee3337_unrelaxed/vasprun.xml;dump-match:BP_spin_500_P134N8_77084258-796b-405c-8b5a-17d19cee3337_unrelaxed,
DPA3,P_P134N9_c82f4875-98fb-49f1-ab04-283575a00f39,P,P134N9,False,143,143,-763.785090793213,-784.46079333528,-5.3411544810714195,-5.485739813533426,-20.675702542066915,-0.1445853324620064,-763.13835897,-784.03191005,-5.336631880909091,-5.482740629720279,-20.893551079999952,-0.1461087488111885,-20.893551079999956,-20.675702542066915,1.0,vasprun:ionic,model=DPA3;dft-match:P_P134N9_c82f4875-98fb-49f1-ab04-283575a00f39_unrelaxed/vasprun.xml;dump-match:BP_spin_500_P134N9_c82f4875-98fb-49f1-ab04-283575a00f39_unrelaxed,
DPA3,P_P137N1_8d9efecc-9986-4799-a3a6-17f1cb926346,P,P137N1,False,138,138,-726.681764987874,-734.713714254666,-5.265809891216478,-5.324012422135261,-8.031949266792026,-0.058202530918782795,-727.05458933,-733.92677702,-5.268511516884058,-5.3183099784057974,-6.8721876900000325,-0.04979846152173937,-6.872187690000033,-8.031949266792026,1.0,vasprun:ionic,model=DPA3;dft-match:P_P137N1_8d9efecc-9986-4799-a3a6-17f1cb926346_unrelaxed/vasprun.xml;dump-match:BP_spin_500_P137N1_8d9efecc-9986-4799-a3a6-17f1cb926346_unrelaxed,
DPA3,P_P137N2_0d50c75d-1679-4bca-b91a-30bc458a92b4,P,P137N2,False,139,139,-733.823459083844,-742.877754429985,-5.279305461034849,-5.344444276474712,-9.054295346140975,-0.06513881543986313,-733.94854365,-742.74681807,-5.28020535,-5.343502288273381,-8.798274419999984,-0.06329693827338118,-8.798274419999984,-9.054295346140975,1.0,vasprun:ionic,model=DPA3;dft-match:P_P137N2_0d50c75d-1679-4bca-b91a-30bc458a92b4_unrelaxed/vasprun.xml;dump-match:BP_spin_500_P137N2_0d50c75d-1679-4bca-b91a-30bc458a92b4_unrelaxed,
DPA3,P_P137N2_4120326e-e6e5-44e8-8fde-ce97713d0792,P,P137N2,False,139,139,-733.643375928212,-743.880487988402,-5.278009898764115,-5.351658186966921,-10.237112060190043,-0.07364828820280607,-733.53667102,-743.80180714,-5.277242237553956,-5.351092137697842,-10.26513612000008,-0.07384990014388547,-10.265136120000081,-10.237112060190043,1.0,vasprun:ionic,model=DPA3;dft-match:P_P137N2_4120326e-e6e5-44e8-8fde-ce97713d0792_unrelaxed/vasprun.xml;dump-match:BP_spin_500_P137N2_4120326e-e6e5-44e8-8fde-ce97713d0792_unrelaxed,
DPA3,P_P137N2_57c8cd82-a352-42c5-bdff-8d5b28abd541,P,P137N2,False,139,139,-733.799203092862,-742.572093958665,-5.279130957502604,-5.342245280278166,-8.772890865803106,-0.0631143227755619,-733.61593297,-741.85006429,-5.277812467410072,-5.337050822230216,-8.23413131999996,-0.0592383548201436,-8.23413131999996,-8.772890865803104,1.0,vasprun:ionic,model=DPA3;dft-match:P_P137N2_57c8cd82-a352-42c5-bdff-8d5b28abd541_unrelaxed/vasprun.xml;dump-match:BP_spin_500_P137N2_57c8cd82-a352-42c5-bdff-8d5b28abd541_unrelaxed,
DPA3,P_P137N3_58779a3f-bd47-4dc3-8ca1-4e7b8b93f58c,P,P137N3,False,140,140,-741.270114145925,-751.620769567539,-5.29478652961375,-5.368719782625279,-10.350655421613965,-0.07393325301152832,-741.24123597,-751.81077359,-5.294580256928572,-5.370076954214286,-10.569537620000006,-0.07549669728571433,-10.569537620000006,-10.350655421613965,1.0,vasprun:ionic,model=DPA3;dft-match:P_P137N3_58779a3f-bd47-4dc3-8ca1-4e7b8b93f58c_unrelaxed/vasprun.xml;dump-match:BP_spin_500_P137N3_58779a3f-bd47-4dc3-8ca1-4e7b8b93f58c_unrelaxed,
DPA3,P_P137N4_06c3f239-33bb-44df-8e03-5bd0614c77df,P,P137N4,False,141,141,-749.171270479253,-760.669165943554,-5.3132714218386745,-5.394816779741518,-11.497895464300996,-0.08154535790284394,-748.88547852,-760.44040929,-5.311244528510638,-5.3931943921276595,-11.554930770000055,-0.08194986361702167,-11.554930770000055,-11.497895464300996,1.0,vasprun:ionic,model=DPA3;dft-match:P_P137N4_06c3f239-33bb-44df-8e03-5bd0614c77df_unrelaxed/vasprun.xml;dump-match:BP_spin_500_P137N4_06c3f239-33bb-44df-8e03-5bd0614c77df_unrelaxed,
DPA3,P_P137N4_45d7c27d-f7cb-443f-93fd-622d98716a8c,P,P137N4,False,141,141,-749.09375511556,-760.512124975017,-5.312721667486241,-5.393703014007213,-11.418369859456902,-0.08098134652097094,-748.68521255,-760.18464751,-5.309824202482269,-5.391380478794326,-11.49943496000003,-0.08155627631205696,-11.499434960000032,-11.418369859456902,1.0,vasprun:ionic,model=DPA3;dft-match:P_P137N4_45d7c27d-f7cb-443f-93fd-622d98716a8c_unrelaxed/vasprun.xml;dump-match:BP_spin_500_P137N4_45d7c27d-f7cb-443f-93fd-622d98716a8c_unrelaxed,
DPA3,P_P137N4_605910e6-9b1a-48a5-9eea-ecc820799a67,P,P137N4,False,141,141,-749.20109640508,-761.225982312849,-5.313482953227518,-5.3987658320060214,-12.02488590776909,-0.08528287877850418,-748.93162747,-760.27846914,-5.311571826028368,-5.392045880425532,-11.346841670000003,-0.08047405439716314,-11.346841670000003,-12.02488590776909,1.0,vasprun:ionic,model=DPA3;dft-match:P_P137N4_605910e6-9b1a-48a5-9eea-ecc820799a67_unrelaxed/vasprun.xml;dump-match:BP_spin_500_P137N4_605910e6-9b1a-48a5-9eea-ecc820799a67_unrelaxed,
DPA3,P_P137N4_eb6b3e67-dea4-41f9-b13e-79dfa9f5300a,P,P137N4,False,141,141,-749.293608655026,-760.638914082935,-5.314139068475361,-5.394602227538546,-11.345305427909011,-0.08046315906318448,-749.25760619,-760.07300376,-5.313883731843972,-5.390588679148936,-10.81539756999996,-0.07670494730496424,-10.81539756999996,-11.345305427909011,1.0,vasprun:ionic,model=DPA3;dft-match:P_P137N4_eb6b3e67-dea4-41f9-b13e-79dfa9f5300a_unrelaxed/vasprun.xml;dump-match:BP_spin_500_P137N4_eb6b3e67-dea4-41f9-b13e-79dfa9f5300a_unrelaxed,
DPA3,P_P137N5_0358e850-b83f-49ba-84d0-83a60cfc53c0,P,P137N5,False,142,142,-756.964204804829,-769.423392252854,-5.330733836653725,-5.418474593329957,-12.459187448024977,-0.08774075667623224,-756.61171325,-769.56217796,-5.328251501760564,-5.419451957464789,-12.950464710000006,-0.09120045570422539,-12.950464710000006,-12.459187448024979,1.0,vasprun:ionic,model=DPA3;dft-match:P_P137N5_0358e850-b83f-49ba-84d0-83a60cfc53c0_unrelaxed/vasprun.xml;dump-match:BP_spin_500_P137N5_0358e850-b83f-49ba-84d0-83a60cfc53c0_unrelaxed,
DPA3,P_P137N6_539a3b77-1177-49f8-920e-888a9e3efee1,P,P137N6,False,143,143,-764.570808811955,-778.740416227751,-5.346649012671014,-5.445737176417839,-14.169607415796008,-0.09908816374682523,-764.23749261,-778.75193484,-5.34431813013986,-5.445817726153846,-14.514442229999986,-0.10149959601398592,-14.514442229999986,-14.169607415796008,1.0,vasprun:ionic,model=DPA3;dft-match:P_P137N6_539a3b77-1177-49f8-920e-888a9e3efee1_unrelaxed/vasprun.xml;dump-match:BP_spin_500_P137N6_539a3b77-1177-49f8-920e-888a9e3efee1_unrelaxed,
DPA3,P_P141N1_801ae4a4-5b4a-4480-bf01-dbe9c0f9df3b,P,P141N1,False,142,142,-756.79780980942,-760.582339227173,-5.329562040911408,-5.356213656529387,-3.7845294177529922,-0.026651615617978817,-756.71879988,-760.42628661,-5.329005632957746,-5.35511469443662,-3.707486730000028,-0.026109061478873437,-3.707486730000028,-3.7845294177529922,1.0,vasprun:ionic,model=DPA3;dft-match:P_P141N1_801ae4a4-5b4a-4480-bf01-dbe9c0f9df3b_unrelaxed/vasprun.xml;dump-match:BP_spin_500_P141N1_801ae4a4-5b4a-4480-bf01-dbe9c0f9df3b_unrelaxed,
DPA3,P_P141N1_aad91e07-a830-46a9-b029-f4631bbc21aa,P,P141N1,False,142,142,-756.82416352627,-760.681765928838,-5.329747630466691,-5.356913844569282,-3.857602402567977,-0.027166214102591388,-756.60269833,-760.53672486,-5.3281880164084505,-5.35589242859155,-3.9340265300000965,-0.02770441218309927,-3.9340265300000965,-3.857602402567977,1.0,vasprun:ionic,model=DPA3;dft-match:P_P141N1_aad91e07-a830-46a9-b029-f4631bbc21aa_unrelaxed/vasprun.xml;dump-match:BP_spin_500_P141N1_aad91e07-a830-46a9-b029-f4631bbc21aa_unrelaxed,
DPA3,P_P141N1_e061f29c-4ea8-4686-b353-b7a55664072b,P,P141N1,False,142,142,-757.02249476311,-760.995068192456,-5.331144329317676,-5.359120198538422,-3.972573429345971,-0.027975869220746272,-757.21786571,-761.35969827,-5.332520181056338,-5.361688015985915,-4.141832560000012,-0.029167834929577547,-4.141832560000012,-3.9725734293459705,1.0,vasprun:ionic,model=DPA3;dft-match:P_P141N1_e061f29c-4ea8-4686-b353-b7a55664072b_unrelaxed/vasprun.xml;dump-match:BP_spin_500_P141N1_e061f29c-4ea8-4686-b353-b7a55664072b_unrelaxed,
DPA3,P_P141N2_1129b1b9-35c9-487c-8451-3ba62e8a4a28,P,P141N2,False,143,143,-764.565355536555,-769.68311403415,-5.346610877878007,-5.382399398840209,-5.117758497594991,-0.03578852096220274,-764.3746584,-769.6769249,-5.345277331468532,-5.382356118181819,-5.302266499999973,-0.03707878671328653,-5.302266499999973,-5.117758497594991,1.0,vasprun:ionic,model=DPA3;dft-match:P_P141N2_1129b1b9-35c9-487c-8451-3ba62e8a4a28_unrelaxed/vasprun.xml;dump-match:BP_spin_500_P141N2_1129b1b9-35c9-487c-8451-3ba62e8a4a28_unrelaxed,
DPA3,P_P141N2_55cbbf86-9018-4610-8abd-8dc6ba7cfb25,P,P141N2,False,143,143,-764.42948829851,-769.451956567381,-5.345660757332238,-5.380782913058608,-5.022468268870966,-0.035122155726370397,-764.15851649,-769.51321208,-5.34376584958042,-5.381211273286714,-5.354695590000006,-0.037445423706293744,-5.354695590000006,-5.022468268870966,1.0,vasprun:ionic,model=DPA3;dft-match:P_P141N2_55cbbf86-9018-4610-8abd-8dc6ba7cfb25_unrelaxed/vasprun.xml;dump-match:BP_spin_500_P141N2_55cbbf86-9018-4610-8abd-8dc6ba7cfb25_unrelaxed,
DPA3,P_P141N2_bbde927d-2e5a-42ea-894b-640c5eb8fe1d,P,P141N2,False,143,143,-764.382728812311,-769.664296236847,-5.345333767918259,-5.382267805852077,-5.281567424535979,-0.03693403793381803,-764.24738212,-769.60276026,-5.344387287552448,-5.381837484335664,-5.355378139999971,-0.03745019678321658,-5.355378139999971,-5.281567424535979,1.0,vasprun:ionic,model=DPA3;dft-match:P_P141N2_bbde927d-2e5a-42ea-894b-640c5eb8fe1d_unrelaxed/vasprun.xml;dump-match:BP_spin_500_P141N2_bbde927d-2e5a-42ea-894b-640c5eb8fe1d_unrelaxed,
DPA3,P_P141N3_0cb3f035-4edc-490f-8308-24a5eea2a82f,P,P141N3,False,144,144,-772.322475457644,-778.640608022069,-5.363350524011417,-5.407226444597701,-6.318132564425014,-0.04387592058628482,-772.0110956,-778.78436344,-5.3611881638888885,-5.408224746111111,-6.773267840000017,-0.04703658222222234,-6.773267840000017,-6.318132564425014,1.0,vasprun:ionic,model=DPA3;dft-match:P_P141N3_0cb3f035-4edc-490f-8308-24a5eea2a82f_unrelaxed/vasprun.xml;dump-match:BP_spin_500_P141N3_0cb3f035-4edc-490f-8308-24a5eea2a82f_unrelaxed,
DPA3,P_P141N3_36cf2937-a12b-44cc-8666-c2b40897a308,P,P141N3,False,144,144,-772.311440730547,-778.666507447218,-5.363273893962132,-5.407406301716792,-6.35506671667099,-0.04413240775465965,-772.0202484,-778.83072427,-5.361251725,-5.408546696319444,-6.810475870000005,-0.047294971319444476,-6.810475870000005,-6.35506671667099,1.0,vasprun:ionic,model=DPA3;dft-match:P_P141N3_36cf2937-a12b-44cc-8666-c2b40897a308_unrelaxed/vasprun.xml;dump-match:BP_spin_500_P141N3_36cf2937-a12b-44cc-8666-c2b40897a308_unrelaxed,
DPA3,P_P141N3_9d5b58ce-71cd-4d2d-94e6-30695815819b,P,P141N3,False,144,144,-772.229142570948,-778.672681907272,-5.362702378964917,-5.407449179911612,-6.4435393363239655,-0.044746800946694205,-772.03239864,-778.83068379,-5.361336101666667,-5.408546415208333,-6.79828514999997,-0.04721031354166646,-6.79828514999997,-6.4435393363239655,1.0,vasprun:ionic,model=DPA3;dft-match:P_P141N3_9d5b58ce-71cd-4d2d-94e6-30695815819b_unrelaxed/vasprun.xml;dump-match:BP_spin_500_P141N3_9d5b58ce-71cd-4d2d-94e6-30695815819b_unrelaxed,
DPA3,P_P141_00cb58bb-9519-47f8-ae57-cfbf5af07806,P,P141,False,141,141,-749.320339503619,-752.031283798548,-5.314328648961837,-5.333555204245021,-2.710944294928936,-0.019226555283183944,-749.52224547,-752.24281399,-5.315760606170213,-5.335055418368794,-2.7205685199999152,-0.01929481219858096,-2.7205685199999152,-2.710944294928936,1.0,vasprun:ionic,model=DPA3;dft-match:P_P141_00cb58bb-9519-47f8-ae57-cfbf5af07806_unrelaxed/vasprun.xml;dump-match:BP_spin_500_P141_00cb58bb-9519-47f8-ae57-cfbf5af07806_unrelaxed,
DPA3,ref,BP_spin_500,P,True,4,144,-21.4446615598651,-21.4446741960498,-5.361165389966275,-5.36116854901245,-1.263618469948824e-05,-3.15904617487206e-06,-772.07942177,-772.08036334,-5.361662651180556,-5.361669189861111,-0.000941570000009051,-6.53868055561841e-06,-2.615472222247364e-05,-0.00045490264918157663,,vasprun:ionic,"model=DPA3;is_pristine;pristine-supercell-mismatch:model=4,dft=144,ratio=0.0277778;pristine-totals-scaled: dft→model and model→dft",0.027777777777777776
DPA3-OMAT,P_P126N9_4857f4db-c231-4413-ae85-3ebc41741bcc,P,P126N9,False,135,135,-705.614092744315,-733.67751603889,-5.226771057365297,-5.43464826695474,-28.063423294574932,-0.20787720958944395,-705.23322315,-733.02720645,-5.223949801111111,-5.429831158888889,-27.793983300000036,-0.20588135777777805,-27.793983300000036,-28.063423294574932,1.0,vasprun:ionic,model=DPA3-OMAT;dft-match:P_P126N9_4857f4db-c231-4413-ae85-3ebc41741bcc_unrelaxed/vasprun.xml;dump-match:BP_spin_500_P126N9_4857f4db-c231-4413-ae85-3ebc41741bcc_unrelaxed,
DPA3-OMAT,P_P126N9_72625443-b1e7-46d4-ae25-d5d00e84ff62,P,P126N9,False,135,135,-701.579677331621,-736.641472646395,-5.1968864987527486,-5.456603501084407,-35.06179531477392,-0.2597170023316586,-701.83599038,-736.36911471,-5.198785113925926,-5.454586034888889,-34.533124329999964,-0.2558009209629627,-34.533124329999964,-35.06179531477392,1.0,vasprun:ionic,model=DPA3-OMAT;dft-match:P_P126N9_72625443-b1e7-46d4-ae25-d5d00e84ff62_unrelaxed/vasprun.xml;dump-match:BP_spin_500_P126N9_72625443-b1e7-46d4-ae25-d5d00e84ff62_unrelaxed,
DPA3-OMAT,P_P126N9_99e52c62-7004-4c8b-8dc2-23541285b4c4,P,P126N9,False,135,135,-702.517726197267,-732.683445963437,-5.203835008868645,-5.427284784914348,-30.1657197661699,-0.22344977604570296,-702.6103618,-731.56949287,-5.204521198518519,-5.419033280518518,-28.959131070000012,-0.2145120820000001,-28.959131070000016,-30.1657197661699,1.0,vasprun:ionic,model=DPA3-OMAT;dft-match:P_P126N9_99e52c62-7004-4c8b-8dc2-23541285b4c4_unrelaxed/vasprun.xml;dump-match:BP_spin_500_P126N9_99e52c62-7004-4c8b-8dc2-23541285b4c4_unrelaxed,
DPA3-OMAT,P_P126N9_e0754269-d136-48fc-b413-c67e15d0c3cf,P,P126N9,False,135,135,-705.087956696177,-735.577370423252,-5.222873753305015,-5.448721262394459,-30.489413727074975,-0.22584750908944426,-705.20619324,-734.99282929,-5.223749579555555,-5.444391328074074,-29.786636050000084,-0.22064174851851914,-29.786636050000084,-30.489413727074975,1.0,vasprun:ionic,model=DPA3-OMAT;dft-match:P_P126N9_e0754269-d136-48fc-b413-c67e15d0c3cf_unrelaxed/vasprun.xml;dump-match:BP_spin_500_P126N9_e0754269-d136-48fc-b413-c67e15d0c3cf_unrelaxed,
DPA3-OMAT,P_P126N9_ecb3b163-ce50-404d-9fcf-cb7eeacaa170,P,P126N9,False,135,135,-702.309302146906,-733.371891226048,-5.202291127014119,-5.432384379452207,-31.062589079141958,-0.23009325243808856,-702.39953406,-733.53484445,-5.202959511555555,-5.43359144037037,-31.135310390000086,-0.23063192881481545,-31.135310390000086,-31.062589079141954,1.0,vasprun:ionic,model=DPA3-OMAT;dft-match:P_P126N9_ecb3b163-ce50-404d-9fcf-cb7eeacaa170_unrelaxed/vasprun.xml;dump-match:BP_spin_500_P126N9_ecb3b163-ce50-404d-9fcf-cb7eeacaa170_unrelaxed,
DPA3-OMAT,P_P126N9_f83295f4-ef27-40c7-a9f8-1ba8f32138c5,P,P126N9,False,135,135,-702.244757308985,-735.344208832259,-5.201813017103592,-5.446994139498215,-33.09945152327407,-0.24518112239462272,-703.19897699,-735.57761524,-5.208881311037037,-5.448723075851852,-32.378638249999995,-0.23984176481481478,-32.378638249999995,-33.09945152327407,1.0,vasprun:ionic,model=DPA3-OMAT;dft-match:P_P126N9_f83295f4-ef27-40c7-a9f8-1ba8f32138c5_unrelaxed/vasprun.xml;dump-match:BP_spin_500_P126N9_f83295f4-ef27-40c7-a9f8-1ba8f32138c5_unrelaxed,
DPA3-OMAT,P_P130N5_215544be-bf9c-449d-8483-f0a975ef4feb,P,P130N5,False,135,135,-703.902467229273,-725.928568006363,-5.214092349846467,-5.377248651898985,-22.026100777089937,-0.16315630205251805,-703.89944328,-726.66980601,-5.214069950222222,-5.382739303777778,-22.770362729999988,-0.16866935355555546,-22.770362729999988,-22.026100777089937,1.0,vasprun:ionic,model=DPA3-OMAT;dft-match:P_P130N5_215544be-bf9c-449d-8483-f0a975ef4feb_unrelaxed/vasprun.xml;dump-match:BP_spin_500_P130N5_215544be-bf9c-449d-8483-f0a975ef4feb_unrelaxed,
DPA3-OMAT,P_P130N5_2d2edeb9-0215-4da6-873c-d39a5a44fe39,P,P130N5,False,135,135,-703.793664534446,-725.907907982226,-5.213286403958859,-5.377095614683156,-22.11424344778004,-0.1638092107242966,-703.8351215,-724.53594898,-5.213593492592593,-5.366932955407407,-20.70082747999993,-0.1533394628148143,-20.700827479999933,-22.11424344778004,1.0,vasprun:ionic,model=DPA3-OMAT;dft-match:P_P130N5_2d2edeb9-0215-4da6-873c-d39a5a44fe39_unrelaxed/vasprun.xml;dump-match:BP_spin_500_P130N5_2d2edeb9-0215-4da6-873c-d39a5a44fe39_unrelaxed,
DPA3-OMAT,P_P130N5_73b92a80-edba-4628-aa33-53087cf4717d,P,P130N5,False,135,135,-702.133763019796,-724.675878916736,-5.200990837183674,-5.367969473457304,-22.542115896940004,-0.16697863627362966,-702.50511886,-725.05335368,-5.203741621185186,-5.370765582814815,-22.548234819999948,-0.16702396162962924,-22.548234819999948,-22.542115896940004,1.0,vasprun:ionic,model=DPA3-OMAT;dft-match:P_P130N5_73b92a80-edba-4628-aa33-53087cf4717d_unrelaxed/vasprun.xml;dump-match:BP_spin_500_P130N5_73b92a80-edba-4628-aa33-53087cf4717d_unrelaxed,
DPA3-OMAT,P_P130N5_8b8b7b1a-f34c-489d-88eb-451613270b3d,P,P130N5,False,135,135,-702.587383718099,-724.863984939512,-5.2043509905044365,-5.3693628514037925,-22.27660122141299,-0.16501186089935546,-702.9459173,-724.60245667,-5.207006794814815,-5.367425604962963,-21.65653937000002,-0.1604188101481483,-21.65653937000002,-22.27660122141299,1.0,vasprun:ionic,model=DPA3-OMAT;dft-match:P_P130N5_8b8b7b1a-f34c-489d-88eb-451613270b3d_unrelaxed/vasprun.xml;dump-match:BP_spin_500_P130N5_8b8b7b1a-f34c-489d-88eb-451613270b3d_unrelaxed,
DPA3-OMAT,P_P130N6_ad4e8262-bfb5-49be-8679-a28ee4287eef,P,P130N6,False,136,136,-711.438653547558,-735.206741471085,-5.231166570202633,-5.405931922581508,-23.76808792352699,-0.17476535237887494,-711.97562402,-736.36033888,-5.2351148825000005,-5.414414256470588,-24.384714859999917,-0.17929937397058762,-24.384714859999917,-23.76808792352699,1.0,vasprun:ionic,model=DPA3-OMAT;dft-match:P_P130N6_ad4e8262-bfb5-49be-8679-a28ee4287eef_unrelaxed/vasprun.xml;dump-match:BP_spin_500_P130N6_ad4e8262-bfb5-49be-8679-a28ee4287eef_unrelaxed,
DPA3-OMAT,P_P130N6_ee74078f-bc7a-4330-a46a-c9964d4dabd2,P,P130N6,False,136,136,-712.048289783541,-734.412208024654,-5.23564918958486,-5.400089764887162,-22.36391824111297,-0.16444057530230125,-712.1179139,-734.67550145,-5.236161131617647,-5.402025745955882,-22.557587549999994,-0.16586461433823524,-22.557587549999994,-22.36391824111297,1.0,vasprun:ionic,model=DPA3-OMAT;dft-match:P_P130N6_ee74078f-bc7a-4330-a46a-c9964d4dabd2_unrelaxed/vasprun.xml;dump-match:BP_spin_500_P130N6_ee74078f-bc7a-4330-a46a-c9964d4dabd2_unrelaxed,
DPA3-OMAT,P_P130N7_2dd91df6-6100-4305-adb3-79179704cffe,P,P130N7,False,137,137,-719.025222070198,-742.658354302551,-5.248359285183927,-5.42086390001862,-23.633132232352978,-0.17250461483469326,-719.45479208,-741.8432598,-5.25149483270073,-5.414914305109489,-22.388467720000108,-0.16341947240875992,-22.38846772000011,-23.633132232352978,1.0,vasprun:ionic,model=DPA3-OMAT;dft-match:P_P130N7_2dd91df6-6100-4305-adb3-79179704cffe_unrelaxed/vasprun.xml;dump-match:BP_spin_500_P130N7_2dd91df6-6100-4305-adb3-79179704cffe_unrelaxed,
DPA3-OMAT,P_P130N7_e236b37e-ec6c-4beb-a178-c706965a3988,P,P130N7,False,137,137,-718.097311768364,-741.432547188978,-5.241586217287328,-5.411916402839255,-23.335235420614026,-0.1703301855519272,-718.32593285,-740.29589264,-5.243254984306569,-5.40361965430657,-21.969959790000075,-0.16036467000000054,-21.969959790000075,-23.335235420614026,1.0,vasprun:ionic,model=DPA3-OMAT;dft-match:P_P130N7_e236b37e-ec6c-4beb-a178-c706965a3988_unrelaxed/vasprun.xml;dump-match:BP_spin_500_P130N7_e236b37e-ec6c-4beb-a178-c706965a3988_unrelaxed,
DPA3-OMAT,P_P130N8_4da67312-af60-4b2d-adf5-10c7bd23799c,P,P130N8,False,138,138,-724.676721016932,-748.49725030275,-5.251280587079218,-5.42389311813587,-23.820529285817997,-0.17261253105665214,-724.73073633,-748.88124815,-5.251672002391304,-5.426675711231884,-24.15051182000002,-0.17500370884057986,-24.15051182000002,-23.820529285817994,1.0,vasprun:ionic,model=DPA3-OMAT;dft-match:P_P130N8_4da67312-af60-4b2d-adf5-10c7bd23799c_unrelaxed/vasprun.xml;dump-match:BP_spin_500_P130N8_4da67312-af60-4b2d-adf5-10c7bd23799c_unrelaxed,
DPA3-OMAT,P_P130N9_743bf692-dea8-42fa-913e-e86dff2ca8a2,P,P130N9,False,139,139,-733.044978307988,-757.499099923725,-5.273704879913582,-5.449633812400899,-24.454121615736994,-0.1759289324873165,-733.14011166,-757.22999841,-5.274389292517986,-5.44769783028777,-24.089886750000005,-0.17330853776978422,-24.089886750000005,-24.454121615736994,1.0,vasprun:ionic,model=DPA3-OMAT;dft-match:P_P130N9_743bf692-dea8-42fa-913e-e86dff2ca8a2_unrelaxed/vasprun.xml;dump-match:BP_spin_500_P130N9_743bf692-dea8-42fa-913e-e86dff2ca8a2_unrelaxed,
DPA3-OMAT,P_P134N2_7d818b15-98d7-46a0-8001-037c616cfa2c,P,P134N2,False,136,136,-710.808350508784,-724.458842945968,-5.226531989035176,-5.326903256955647,-13.65049243718397,-0.10037126792047037,-711.00341092,-724.62419005,-5.227966256764706,-5.328119044485295,-13.620779130000074,-0.10015278772058878,-13.620779130000074,-13.65049243718397,1.0,vasprun:ionic,model=DPA3-OMAT;dft-match:P_P134N2_7d818b15-98d7-46a0-8001-037c616cfa2c_unrelaxed/vasprun.xml;dump-match:BP_spin_500_P134N2_7d818b15-98d7-46a0-8001-037c616cfa2c_unrelaxed,
DPA3-OMAT,P_P134N3_0bbe3973-1534-431a-8cd6-f17dd0ee3b7a,P,P134N3,False,137,137,-719.676483270836,-734.676330306691,-5.253113016575445,-5.3626009511437305,-14.999847035855055,-0.10948793456828507,-719.60078242,-735.94511828,-5.252560455620438,-5.371862177226277,-16.34433586,-0.11930172160583942,-16.34433586,-14.999847035855055,1.0,vasprun:ionic,model=DPA3-OMAT;dft-match:P_P134N3_0bbe3973-1534-431a-8cd6-f17dd0ee3b7a_unrelaxed/vasprun.xml;dump-match:BP_spin_500_P134N3_0bbe3973-1534-431a-8cd6-f17dd0ee3b7a_unrelaxed,
DPA3-OMAT,P_P134N3_bdc16de1-0e53-494f-a5e7-3c84bce2ac04,P,P134N3,False,137,137,-718.490281232756,-732.89164294408,-5.244454607538366,-5.349574036088175,-14.401361711323943,-0.10511942854980981,-718.79951257,-732.81584272,-5.246711770583942,-5.349020749781022,-14.01633014999993,-0.10230897919707979,-14.01633014999993,-14.401361711323943,1.0,vasprun:ionic,model=DPA3-OMAT;dft-match:P_P134N3_bdc16de1-0e53-494f-a5e7-3c84bce2ac04_unrelaxed/vasprun.xml;dump-match:BP_spin_500_P134N3_bdc16de1-0e53-494f-a5e7-3c84bce2ac04_unrelaxed,
DPA3-OMAT,P_P134N3_dda7d839-bc4d-48cb-a66f-1ba5db069526,P,P134N3,False,137,137,-718.193626708475,-732.911395085168,-5.242289246047263,-5.3497182123004965,-14.717768376693016,-0.1074289662532337,-718.44916649,-732.86983133,-5.244154499927007,-5.349414827226277,-14.420664839999972,-0.10526032729926987,-14.420664839999972,-14.717768376693016,1.0,vasprun:ionic,model=DPA3-OMAT;dft-match:P_P134N3_dda7d839-bc4d-48cb-a66f-1ba5db069526_unrelaxed/vasprun.xml;dump-match:BP_spin_500_P134N3_dda7d839-bc4d-48cb-a66f-1ba5db069526_unrelaxed,
DPA3-OMAT,P_P134N4_6e5f359b-6e75-4487-8517-24b248721bf2,P,P134N4,False,138,138,-726.076630250115,-741.566150729109,-5.261424856884892,-5.3736677589065875,-15.489520478993995,-0.11224290202169562,-726.52764462,-741.27972253,-5.264693076956522,-5.371592192246377,-14.752077909999912,-0.10689911528985444,-14.752077909999912,-15.489520478993995,1.0,vasprun:ionic,model=DPA3-OMAT;dft-match:P_P134N4_6e5f359b-6e75-4487-8517-24b248721bf2_unrelaxed/vasprun.xml;dump-match:BP_spin_500_P134N4_6e5f359b-6e75-4487-8517-24b248721bf2_unrelaxed,
DPA3-OMAT,P_P134N4_767a10da-c92d-4725-90de-c0a8f0de82ce,P,P134N4,False,138,138,-727.257441908617,-741.414329249908,-5.26998146310592,-5.372567603260203,-14.15688734129094,-0.10258614015428218,-727.50677481,-741.1444366,-5.27178822326087,-5.37061185942029,-13.637661789999925,-0.09882363615941975,-13.637661789999925,-14.15688734129094,1.0,vasprun:ionic,model=DPA3-OMAT;dft-match:P_P134N4_767a10da-c92d-4725-90de-c0a8f0de82ce_unrelaxed/vasprun.xml;dump-match:BP_spin_500_P134N4_767a10da-c92d-4725-90de-c0a8f0de82ce_unrelaxed,
DPA3-OMAT,P_P134N5_2fb2dac9-625b-4a58-8d71-1ab73a779346,P,P134N5,False,139,139,-733.697763960746,-749.705435663399,-5.278401179573712,-5.393564285348194,-16.007671702653056,-0.11516310577448241,-733.48285338,-750.60629783,-5.27685506028777,-5.400045308129497,-17.123444449999965,-0.12319024784172637,-17.123444449999965,-16.007671702653056,1.0,vasprun:ionic,model=DPA3-OMAT;dft-match:P_P134N5_2fb2dac9-625b-4a58-8d71-1ab73a779346_unrelaxed/vasprun.xml;dump-match:BP_spin_500_P134N5_2fb2dac9-625b-4a58-8d71-1ab73a779346_unrelaxed,
DPA3-OMAT,P_P134N6_830832b7-0dd2-4f20-b337-b06a84de9d62,P,P134N6,False,140,140,-741.521073147033,-758.27555252922,-5.296579093907378,-5.416253946637286,-16.754479382187014,-0.11967485272990724,-741.57528259,-758.24109984,-5.296966304214286,-5.416007855999999,-16.665817249999918,-0.1190415517857137,-16.665817249999918,-16.754479382187014,1.0,vasprun:ionic,model=DPA3-OMAT;dft-match:P_P134N6_830832b7-0dd2-4f20-b337-b06a84de9d62_unrelaxed/vasprun.xml;dump-match:BP_spin_500_P134N6_830832b7-0dd2-4f20-b337-b06a84de9d62_unrelaxed,
DPA3-OMAT,P_P134N7_618fa7fd-b549-4eda-a5a2-2091f6fae7ba,P,P134N7,False,141,141,-749.003487742256,-767.323892320257,-5.312081473349333,-5.442013420711042,-18.32040457800099,-0.12993194736170915,-748.76012974,-768.11628177,-5.310355530070922,-5.447633204042553,-19.356152029999976,-0.13727767397163104,-19.356152029999976,-18.32040457800099,1.0,vasprun:ionic,model=DPA3-OMAT;dft-match:P_P134N7_618fa7fd-b549-4eda-a5a2-2091f6fae7ba_unrelaxed/vasprun.xml;dump-match:BP_spin_500_P134N7_618fa7fd-b549-4eda-a5a2-2091f6fae7ba_unrelaxed,
DPA3-OMAT,P_P134N7_e6d8503d-2d3e-4f27-a8a3-d4c9252f50ee,P,P134N7,False,141,141,-748.889690550726,-767.023338234734,-5.311274401068978,-5.439881831452014,-18.133647684007997,-0.12860743038303543,-748.79700722,-767.30946277,-5.310617072482269,-5.441911083475177,-18.512455550000027,-0.131294010992908,-18.512455550000027,-18.133647684007997,1.0,vasprun:ionic,model=DPA3-OMAT;dft-match:P_P134N7_e6d8503d-2d3e-4f27-a8a3-d4c9252f50ee_unrelaxed/vasprun.xml;dump-match:BP_spin_500_P134N7_e6d8503d-2d3e-4f27-a8a3-d4c9252f50ee_unrelaxed,
DPA3-OMAT,P_P134N8_1940fe06-4315-4639-b6ea-12f7b20b6692,P,P134N8,False,142,142,-755.77611071815,-774.647073274601,-5.322366976888381,-5.455261079398598,-18.87096255645099,-0.13289410251021824,-755.58368301,-774.65398141,-5.321011852183099,-5.4553097282394365,-19.07029840000007,-0.13429787605633853,-19.07029840000007,-18.87096255645099,1.0,vasprun:ionic,model=DPA3-OMAT;dft-match:P_P134N8_1940fe06-4315-4639-b6ea-12f7b20b6692_unrelaxed/vasprun.xml;dump-match:BP_spin_500_P134N8_1940fe06-4315-4639-b6ea-12f7b20b6692_unrelaxed,
DPA3-OMAT,P_P134N8_77084258-796b-405c-8b5a-17d19cee3337,P,P134N8,False,142,142,-756.905259771395,-775.434579404194,-5.330318730784471,-5.460806897212634,-18.529319632799,-0.130488166428162,-756.56360189,-775.81406828,-5.3279126893661966,-5.463479354084507,-19.250466390000042,-0.13556666471831016,-19.250466390000042,-18.529319632799,1.0,vasprun:ionic,model=DPA3-OMAT;dft-match:P_P134N8_77084258-796b-405c-8b5a-17d19cee3337_unrelaxed/vasprun.xml;dump-match:BP_spin_500_P134N8_77084258-796b-405c-8b5a-17d19cee3337_unrelaxed,
DPA3-OMAT,P_P134N9_c82f4875-98fb-49f1-ab04-283575a00f39,P,P134N9,False,143,143,-763.532353857096,-783.977668713342,-5.339387089909763,-5.48236131967372,-20.445314856246,-0.14297422976395804,-763.13835897,-784.03191005,-5.336631880909091,-5.482740629720279,-20.893551079999952,-0.1461087488111885,-20.893551079999956,-20.445314856246,1.0,vasprun:ionic,model=DPA3-OMAT;dft-match:P_P134N9_c82f4875-98fb-49f1-ab04-283575a00f39_unrelaxed/vasprun.xml;dump-match:BP_spin_500_P134N9_c82f4875-98fb-49f1-ab04-283575a00f39_unrelaxed,
DPA3-OMAT,P_P137N1_8d9efecc-9986-4799-a3a6-17f1cb926346,P,P137N1,False,138,138,-726.548319122416,-734.404610528273,-5.264842892191421,-5.321772540059949,-7.85629140585695,-0.056929647868528624,-727.05458933,-733.92677702,-5.268511516884058,-5.3183099784057974,-6.8721876900000325,-0.04979846152173937,-6.872187690000033,-7.85629140585695,1.0,vasprun:ionic,model=DPA3-OMAT;dft-match:P_P137N1_8d9efecc-9986-4799-a3a6-17f1cb926346_unrelaxed/vasprun.xml;dump-match:BP_spin_500_P137N1_8d9efecc-9986-4799-a3a6-17f1cb926346_unrelaxed,
DPA3-OMAT,P_P137N2_0d50c75d-1679-4bca-b91a-30bc458a92b4,P,P137N2,False,139,139,-733.693936390837,-742.476352484932,-5.278373643099547,-5.341556492697353,-8.78241609409497,-0.06318284959780554,-733.94854365,-742.74681807,-5.28020535,-5.343502288273381,-8.798274419999984,-0.06329693827338118,-8.798274419999984,-8.78241609409497,1.0,vasprun:ionic,model=DPA3-OMAT;dft-match:P_P137N2_0d50c75d-1679-4bca-b91a-30bc458a92b4_unrelaxed/vasprun.xml;dump-match:BP_spin_500_P137N2_0d50c75d-1679-4bca-b91a-30bc458a92b4_unrelaxed,
DPA3-OMAT,P_P137N2_4120326e-e6e5-44e8-8fde-ce97713d0792,P,P137N2,False,139,139,-733.496681945433,-743.497242124786,-5.276954546370022,-5.348901022480475,-10.000560179352988,-0.07194647611045314,-733.53667102,-743.80180714,-5.277242237553956,-5.351092137697842,-10.26513612000008,-0.07384990014388547,-10.265136120000081,-10.000560179352986,1.0,vasprun:ionic,model=DPA3-OMAT;dft-match:P_P137N2_4120326e-e6e5-44e8-8fde-ce97713d0792_unrelaxed/vasprun.xml;dump-match:BP_spin_500_P137N2_4120326e-e6e5-44e8-8fde-ce97713d0792_unrelaxed,
DPA3-OMAT,P_P137N2_57c8cd82-a352-42c5-bdff-8d5b28abd541,P,P137N2,False,139,139,-733.632451111486,-741.942531449755,-5.277931302960331,-5.3377160535953605,-8.310080338269017,-0.0597847506350289,-733.61593297,-741.85006429,-5.277812467410072,-5.337050822230216,-8.23413131999996,-0.0592383548201436,-8.23413131999996,-8.310080338269017,1.0,vasprun:ionic,model=DPA3-OMAT;dft-match:P_P137N2_57c8cd82-a352-42c5-bdff-8d5b28abd541_unrelaxed/vasprun.xml;dump-match:BP_spin_500_P137N2_57c8cd82-a352-42c5-bdff-8d5b28abd541_unrelaxed,
DPA3-OMAT,P_P137N3_58779a3f-bd47-4dc3-8ca1-4e7b8b93f58c,P,P137N3,False,140,140,-741.093262133596,-751.240790510026,-5.2935233009542575,-5.366005646500186,-10.147528376430046,-0.0724823455459289,-741.24123597,-751.81077359,-5.294580256928572,-5.370076954214286,-10.569537620000006,-0.07549669728571433,-10.569537620000006,-10.147528376430046,1.0,vasprun:ionic,model=DPA3-OMAT;dft-match:P_P137N3_58779a3f-bd47-4dc3-8ca1-4e7b8b93f58c_unrelaxed/vasprun.xml;dump-match:BP_spin_500_P137N3_58779a3f-bd47-4dc3-8ca1-4e7b8b93f58c_unrelaxed,
DPA3-OMAT,P_P137N4_06c3f239-33bb-44df-8e03-5bd0614c77df,P,P137N4,False,141,141,-748.997061264549,-760.232419577275,-5.312035895493255,-5.391719287782092,-11.23535831272602,-0.07968339228883703,-748.88547852,-760.44040929,-5.311244528510638,-5.3931943921276595,-11.554930770000055,-0.08194986361702167,-11.554930770000055,-11.23535831272602,1.0,vasprun:ionic,model=DPA3-OMAT;dft-match:P_P137N4_06c3f239-33bb-44df-8e03-5bd0614c77df_unrelaxed/vasprun.xml;dump-match:BP_spin_500_P137N4_06c3f239-33bb-44df-8e03-5bd0614c77df_unrelaxed,
DPA3-OMAT,P_P137N4_45d7c27d-f7cb-443f-93fd-622d98716a8c,P,P137N4,False,141,141,-748.909236091037,-760.094200451706,-5.311413021922248,-5.390739010295787,-11.184964360669028,-0.0793259883735392,-748.68521255,-760.18464751,-5.309824202482269,-5.391380478794326,-11.49943496000003,-0.08155627631205696,-11.499434960000032,-11.184964360669028,1.0,vasprun:ionic,model=DPA3-OMAT;dft-match:P_P137N4_45d7c27d-f7cb-443f-93fd-622d98716a8c_unrelaxed/vasprun.xml;dump-match:BP_spin_500_P137N4_45d7c27d-f7cb-443f-93fd-622d98716a8c_unrelaxed,
DPA3-OMAT,P_P137N4_605910e6-9b1a-48a5-9eea-ecc820799a67,P,P137N4,False,141,141,-749.023044680093,-760.354275439714,-5.312220175036121,-5.392583513756837,-11.331230759621008,-0.08036333872071637,-748.93162747,-760.27846914,-5.311571826028368,-5.392045880425532,-11.346841670000003,-0.08047405439716314,-11.346841670000003,-11.331230759621008,1.0,vasprun:ionic,model=DPA3-OMAT;dft-match:P_P137N4_605910e6-9b1a-48a5-9eea-ecc820799a67_unrelaxed/vasprun.xml;dump-match:BP_spin_500_P137N4_605910e6-9b1a-48a5-9eea-ecc820799a67_unrelaxed,
DPA3-OMAT,P_P137N4_eb6b3e67-dea4-41f9-b13e-79dfa9f5300a,P,P137N4,False,141,141,-749.119028338079,-760.224981945788,-5.312900910199142,-5.39166653862261,-11.105953607709012,-0.07876562842346817,-749.25760619,-760.07300376,-5.313883731843972,-5.390588679148936,-10.81539756999996,-0.07670494730496424,-10.81539756999996,-11.105953607709012,1.0,vasprun:ionic,model=DPA3-OMAT;dft-match:P_P137N4_eb6b3e67-dea4-41f9-b13e-79dfa9f5300a_unrelaxed/vasprun.xml;dump-match:BP_spin_500_P137N4_eb6b3e67-dea4-41f9-b13e-79dfa9f5300a_unrelaxed,
DPA3-OMAT,P_P137N5_0358e850-b83f-49ba-84d0-83a60cfc53c0,P,P137N5,False,142,142,-756.8051065395,-769.004602771473,-5.329613426334507,-5.415525371630091,-12.199496231972944,-0.08591194529558412,-756.61171325,-769.56217796,-5.328251501760564,-5.419451957464789,-12.950464710000006,-0.09120045570422539,-12.950464710000006,-12.199496231972944,1.0,vasprun:ionic,model=DPA3-OMAT;dft-match:P_P137N5_0358e850-b83f-49ba-84d0-83a60cfc53c0_unrelaxed/vasprun.xml;dump-match:BP_spin_500_P137N5_0358e850-b83f-49ba-84d0-83a60cfc53c0_unrelaxed,
DPA3-OMAT,P_P137N6_539a3b77-1177-49f8-920e-888a9e3efee1,P,P137N6,False,143,143,-764.405910871585,-778.305727526207,-5.345495880220874,-5.44269739528816,-13.899816654621986,-0.09720151506728662,-764.23749261,-778.75193484,-5.34431813013986,-5.445817726153846,-14.514442229999986,-0.10149959601398592,-14.514442229999986,-13.899816654621986,1.0,vasprun:ionic,model=DPA3-OMAT;dft-match:P_P137N6_539a3b77-1177-49f8-920e-888a9e3efee1_unrelaxed/vasprun.xml;dump-match:BP_spin_500_P137N6_539a3b77-1177-49f8-920e-888a9e3efee1_unrelaxed,
DPA3-OMAT,P_P141N1_801ae4a4-5b4a-4480-bf01-dbe9c0f9df3b,P,P141N1,False,142,142,-756.566842766209,-760.228012738479,-5.327935512438091,-5.353718399566754,-3.661169972270045,-0.02578288712866229,-756.71879988,-760.42628661,-5.329005632957746,-5.35511469443662,-3.707486730000028,-0.026109061478873437,-3.707486730000028,-3.661169972270045,1.0,vasprun:ionic,model=DPA3-OMAT;dft-match:P_P141N1_801ae4a4-5b4a-4480-bf01-dbe9c0f9df3b_unrelaxed/vasprun.xml;dump-match:BP_spin_500_P141N1_801ae4a4-5b4a-4480-bf01-dbe9c0f9df3b_unrelaxed,
DPA3-OMAT,P_P141N1_aad91e07-a830-46a9-b029-f4631bbc21aa,P,P141N1,False,142,142,-756.595522677256,-760.329494124008,-5.328137483642648,-5.354433057211324,-3.73397144675198,-0.026295573568675915,-756.60269833,-760.53672486,-5.3281880164084505,-5.35589242859155,-3.9340265300000965,-0.02770441218309927,-3.9340265300000965,-3.73397144675198,1.0,vasprun:ionic,model=DPA3-OMAT;dft-match:P_P141N1_aad91e07-a830-46a9-b029-f4631bbc21aa_unrelaxed/vasprun.xml;dump-match:BP_spin_500_P141N1_aad91e07-a830-46a9-b029-f4631bbc21aa_unrelaxed,
DPA3-OMAT,P_P141N1_e061f29c-4ea8-4686-b353-b7a55664072b,P,P141N1,False,142,142,-756.806718187137,-760.652047162606,-5.329624775965754,-5.356704557483141,-3.8453289754689877,-0.027079781517387238,-757.21786571,-761.35969827,-5.332520181056338,-5.361688015985915,-4.141832560000012,-0.029167834929577547,-4.141832560000012,-3.8453289754689877,1.0,vasprun:ionic,model=DPA3-OMAT;dft-match:P_P141N1_e061f29c-4ea8-4686-b353-b7a55664072b_unrelaxed/vasprun.xml;dump-match:BP_spin_500_P141N1_e061f29c-4ea8-4686-b353-b7a55664072b_unrelaxed,
DPA3-OMAT,P_P141N2_1129b1b9-35c9-487c-8451-3ba62e8a4a28,P,P141N2,False,143,143,-764.344724384239,-769.291398345595,-5.345068002686986,-5.379660128290874,-4.946673961355941,-0.0345921256038877,-764.3746584,-769.6769249,-5.345277331468532,-5.382356118181819,-5.302266499999973,-0.03707878671328653,-5.302266499999973,-4.946673961355941,1.0,vasprun:ionic,model=DPA3-OMAT;dft-match:P_P141N2_1129b1b9-35c9-487c-8451-3ba62e8a4a28_unrelaxed/vasprun.xml;dump-match:BP_spin_500_P141N2_1129b1b9-35c9-487c-8451-3ba62e8a4a28_unrelaxed,
DPA3-OMAT,P_P141N2_55cbbf86-9018-4610-8abd-8dc6ba7cfb25,P,P141N2,False,143,143,-764.198405672898,-769.104289301773,-5.344044794915371,-5.378351673438972,-4.9058836288749035,-0.034306878523600724,-764.15851649,-769.51321208,-5.34376584958042,-5.381211273286714,-5.354695590000006,-0.037445423706293744,-5.354695590000006,-4.9058836288749035,1.0,vasprun:ionic,model=DPA3-OMAT;dft-match:P_P141N2_55cbbf86-9018-4610-8abd-8dc6ba7cfb25_unrelaxed/vasprun.xml;dump-match:BP_spin_500_P141N2_55cbbf86-9018-4610-8abd-8dc6ba7cfb25_unrelaxed,
DPA3-OMAT,P_P141N2_bbde927d-2e5a-42ea-894b-640c5eb8fe1d,P,P141N2,False,143,143,-764.161648706635,-769.317504760912,-5.343787753193252,-5.379842690635749,-5.155856054277024,-0.036054937442496666,-764.24738212,-769.60276026,-5.344387287552448,-5.381837484335664,-5.355378139999971,-0.03745019678321658,-5.355378139999971,-5.155856054277023,1.0,vasprun:ionic,model=DPA3-OMAT;dft-match:P_P141N2_bbde927d-2e5a-42ea-894b-640c5eb8fe1d_unrelaxed/vasprun.xml;dump-match:BP_spin_500_P141N2_bbde927d-2e5a-42ea-894b-640c5eb8fe1d_unrelaxed,
DPA3-OMAT,P_P141N3_0cb3f035-4edc-490f-8308-24a5eea2a82f,P,P141N3,False,144,144,-772.100903351335,-778.263948414949,-5.361811828828715,-5.404610752881591,-6.1630450636140495,-0.042798924052875345,-772.0110956,-778.78436344,-5.3611881638888885,-5.408224746111111,-6.773267840000017,-0.04703658222222234,-6.773267840000017,-6.1630450636140495,1.0,vasprun:ionic,model=DPA3-OMAT;dft-match:P_P141N3_0cb3f035-4edc-490f-8308-24a5eea2a82f_unrelaxed/vasprun.xml;dump-match:BP_spin_500_P141N3_0cb3f035-4edc-490f-8308-24a5eea2a82f_unrelaxed,
DPA3-OMAT,P_P141N3_36cf2937-a12b-44cc-8666-c2b40897a308,P,P141N3,False,144,144,-772.085799009083,-778.292416207967,-5.361706937563076,-5.404808445888659,-6.206617198884032,-0.04310150832558356,-772.0202484,-778.83072427,-5.361251725,-5.408546696319444,-6.810475870000005,-0.047294971319444476,-6.810475870000005,-6.206617198884032,1.0,vasprun:ionic,model=DPA3-OMAT;dft-match:P_P141N3_36cf2937-a12b-44cc-8666-c2b40897a308_unrelaxed/vasprun.xml;dump-match:BP_spin_500_P141N3_36cf2937-a12b-44cc-8666-c2b40897a308_unrelaxed,
DPA3-OMAT,P_P141N3_9d5b58ce-71cd-4d2d-94e6-30695815819b,P,P141N3,False,144,144,-772.004732579468,-778.30334720063,-5.361143976246306,-5.404884355559931,-6.29861462116196,-0.04374037931362472,-772.03239864,-778.83068379,-5.361336101666667,-5.408546415208333,-6.79828514999997,-0.04721031354166646,-6.79828514999997,-6.29861462116196,1.0,vasprun:ionic,model=DPA3-OMAT;dft-match:P_P141N3_9d5b58ce-71cd-4d2d-94e6-30695815819b_unrelaxed/vasprun.xml;dump-match:BP_spin_500_P141N3_9d5b58ce-71cd-4d2d-94e6-30695815819b_unrelaxed,
DPA3-OMAT,P_P141_00cb58bb-9519-47f8-ae57-cfbf5af07806,P,P141,False,141,141,-749.126521321303,-751.712509559756,-5.312954051924135,-5.331294394040823,-2.5859882384529556,-0.018340342116687627,-749.52224547,-752.24281399,-5.315760606170213,-5.335055418368794,-2.7205685199999152,-0.01929481219858096,-2.7205685199999152,-2.5859882384529556,1.0,vasprun:ionic,model=DPA3-OMAT;dft-match:P_P141_00cb58bb-9519-47f8-ae57-cfbf5af07806_unrelaxed/vasprun.xml;dump-match:BP_spin_500_P141_00cb58bb-9519-47f8-ae57-cfbf5af07806_unrelaxed,
DPA3-OMAT,ref,BP_spin_500,P,True,4,144,-21.4360007299787,-21.4360084487802,-5.359000182494675,-5.35900211219505,-7.718801498413086e-06,-1.9297003746032715e-06,-772.07942177,-772.08036334,-5.361662651180556,-5.361669189861111,-0.000941570000009051,-6.53868055561841e-06,-2.615472222247364e-05,-0.0002778768539428711,,vasprun:ionic,"model=DPA3-OMAT;is_pristine;pristine-supercell-mismatch:model=4,dft=144,ratio=0.0277778;pristine-totals-scaled: dft→model and model→dft",0.027777777777777776
MACE-OMAT,P_P126N9_4857f4db-c231-4413-ae85-3ebc41741bcc,P,P126N9,False,135,135,-707.264300495923,-733.381464276253,-5.238994818488318,-5.4324552909352075,-26.11716378033009,-0.19346047244688955,-705.23322315,-733.02720645,-5.223949801111111,-5.429831158888889,-27.793983300000036,-0.20588135777777805,-27.793983300000036,-26.11716378033009,1.0,vasprun:ionic,model=MACE-OMAT;dft-match:P_P126N9_4857f4db-c231-4413-ae85-3ebc41741bcc_unrelaxed/vasprun.xml;dump-match:BP_spin_500_P126N9_4857f4db-c231-4413-ae85-3ebc41741bcc_unrelaxed,
MACE-OMAT,P_P126N9_72625443-b1e7-46d4-ae25-d5d00e84ff62,P,P126N9,False,135,135,-703.135068327485,-736.86751377215,-5.2084079135369254,-5.4582778797937035,-33.73244544466502,-0.2498699662567779,-701.83599038,-736.36911471,-5.198785113925926,-5.454586034888889,-34.533124329999964,-0.2558009209629627,-34.533124329999964,-33.73244544466502,1.0,vasprun:ionic,model=MACE-OMAT;dft-match:P_P126N9_72625443-b1e7-46d4-ae25-d5d00e84ff62_unrelaxed/vasprun.xml;dump-match:BP_spin_500_P126N9_72625443-b1e7-46d4-ae25-d5d00e84ff62_unrelaxed,
MACE-OMAT,P_P126N9_99e52c62-7004-4c8b-8dc2-23541285b4c4,P,P126N9,False,135,135,-704.112549367377,-732.760915409006,-5.215648513832423,-5.427858632659303,-28.648366041628947,-0.2122101188268811,-702.6103618,-731.56949287,-5.204521198518519,-5.419033280518518,-28.959131070000012,-0.2145120820000001,-28.959131070000016,-28.648366041628947,1.0,vasprun:ionic,model=MACE-OMAT;dft-match:P_P126N9_99e52c62-7004-4c8b-8dc2-23541285b4c4_unrelaxed/vasprun.xml;dump-match:BP_spin_500_P126N9_99e52c62-7004-4c8b-8dc2-23541285b4c4_unrelaxed,
MACE-OMAT,P_P126N9_e0754269-d136-48fc-b413-c67e15d0c3cf,P,P126N9,False,135,135,-706.248936822939,-734.629967159468,-5.231473606095844,-5.441703460440504,-28.38103033652908,-0.21022985434465985,-705.20619324,-734.99282929,-5.223749579555555,-5.444391328074074,-29.786636050000084,-0.22064174851851914,-29.786636050000084,-28.38103033652908,1.0,vasprun:ionic,model=MACE-OMAT;dft-match:P_P126N9_e0754269-d136-48fc-b413-c67e15d0c3cf_unrelaxed/vasprun.xml;dump-match:BP_spin_500_P126N9_e0754269-d136-48fc-b413-c67e15d0c3cf_unrelaxed,
MACE-OMAT,P_P126N9_ecb3b163-ce50-404d-9fcf-cb7eeacaa170,P,P126N9,False,135,135,-704.074417163441,-732.99757905197,-5.215366053062526,-5.429611696681259,-28.923161888528966,-0.21424564361873308,-702.39953406,-733.53484445,-5.202959511555555,-5.43359144037037,-31.135310390000086,-0.23063192881481545,-31.135310390000086,-28.923161888528966,1.0,vasprun:ionic,model=MACE-OMAT;dft-match:P_P126N9_ecb3b163-ce50-404d-9fcf-cb7eeacaa170_unrelaxed/vasprun.xml;dump-match:BP_spin_500_P126N9_ecb3b163-ce50-404d-9fcf-cb7eeacaa170_unrelaxed,
MACE-OMAT,P_P126N9_f83295f4-ef27-40c7-a9f8-1ba8f32138c5,P,P126N9,False,135,135,-704.101655207953,-734.816944775275,-5.215567816355207,-5.443088479816852,-30.71528956732209,-0.2275206634616451,-703.19897699,-735.57761524,-5.208881311037037,-5.448723075851852,-32.378638249999995,-0.23984176481481478,-32.378638249999995,-30.71528956732209,1.0,vasprun:ionic,model=MACE-OMAT;dft-match:P_P126N9_f83295f4-ef27-40c7-a9f8-1ba8f32138c5_unrelaxed/vasprun.xml;dump-match:BP_spin_500_P126N9_f83295f4-ef27-40c7-a9f8-1ba8f32138c5_unrelaxed,
MACE-OMAT,P_P130N5_215544be-bf9c-449d-8483-f0a975ef4feb,P,P130N5,False,135,135,-705.221816727756,-725.209782856999,-5.2238653090944895,-5.371924317459252,-19.987966129242977,-0.1480590083647628,-703.89944328,-726.66980601,-5.214069950222222,-5.382739303777778,-22.770362729999988,-0.16866935355555546,-22.770362729999988,-19.987966129242977,1.0,vasprun:ionic,model=MACE-OMAT;dft-match:P_P130N5_215544be-bf9c-449d-8483-f0a975ef4feb_unrelaxed/vasprun.xml;dump-match:BP_spin_500_P130N5_215544be-bf9c-449d-8483-f0a975ef4feb_unrelaxed,
MACE-OMAT,P_P130N5_2d2edeb9-0215-4da6-873c-d39a5a44fe39,P,P130N5,False,135,135,-705.116831772156,-725.819941943428,-5.2230876427567114,-5.376444014395763,-20.703110171271987,-0.15335637163905175,-703.8351215,-724.53594898,-5.213593492592593,-5.366932955407407,-20.70082747999993,-0.1533394628148143,-20.700827479999933,-20.703110171271987,1.0,vasprun:ionic,model=MACE-OMAT;dft-match:P_P130N5_2d2edeb9-0215-4da6-873c-d39a5a44fe39_unrelaxed/vasprun.xml;dump-match:BP_spin_500_P130N5_2d2edeb9-0215-4da6-873c-d39a5a44fe39_unrelaxed,
MACE-OMAT,P_P130N5_73b92a80-edba-4628-aa33-53087cf4717d,P,P130N5,False,135,135,-703.924687075311,-724.502710096272,-5.2142569412986,-5.366686741453867,-20.57802302096104,-0.15242980015526697,-702.50511886,-725.05335368,-5.203741621185186,-5.370765582814815,-22.548234819999948,-0.16702396162962924,-22.548234819999948,-20.57802302096104,1.0,vasprun:ionic,model=MACE-OMAT;dft-match:P_P130N5_73b92a80-edba-4628-aa33-53087cf4717d_unrelaxed/vasprun.xml;dump-match:BP_spin_500_P130N5_73b92a80-edba-4628-aa33-53087cf4717d_unrelaxed,
MACE-OMAT,P_P130N5_8b8b7b1a-f34c-489d-88eb-451613270b3d,P,P130N5,False,135,135,-704.35663346782,-725.080825861636,-5.217456544206073,-5.370969080456563,-20.724192393815997,-0.15351253625048886,-702.9459173,-724.60245667,-5.207006794814815,-5.367425604962963,-21.65653937000002,-0.1604188101481483,-21.65653937000002,-20.724192393815997,1.0,vasprun:ionic,model=MACE-OMAT;dft-match:P_P130N5_8b8b7b1a-f34c-489d-88eb-451613270b3d_unrelaxed/vasprun.xml;dump-match:BP_spin_500_P130N5_8b8b7b1a-f34c-489d-88eb-451613270b3d_unrelaxed,
MACE-OMAT,P_P130N6_ad4e8262-bfb5-49be-8679-a28ee4287eef,P,P130N6,False,136,136,-712.435831874732,-735.23914093304,-5.238498763784794,-5.406170153919412,-22.803309058307946,-0.16767139013461724,-711.97562402,-736.36033888,-5.2351148825000005,-5.414414256470588,-24.384714859999917,-0.17929937397058762,-24.384714859999917,-22.803309058307946,1.0,vasprun:ionic,model=MACE-OMAT;dft-match:P_P130N6_ad4e8262-bfb5-49be-8679-a28ee4287eef_unrelaxed/vasprun.xml;dump-match:BP_spin_500_P130N6_ad4e8262-bfb5-49be-8679-a28ee4287eef_unrelaxed,
MACE-OMAT,P_P130N6_ee74078f-bc7a-4330-a46a-c9964d4dabd2,P,P130N6,False,136,136,-713.2867350138,-734.524276688016,-5.244755404513235,-5.400913799176588,-21.237541674216004,-0.15615839466335296,-712.1179139,-734.67550145,-5.236161131617647,-5.402025745955882,-22.557587549999994,-0.16586461433823524,-22.557587549999994,-21.237541674216004,1.0,vasprun:ionic,model=MACE-OMAT;dft-match:P_P130N6_ee74078f-bc7a-4330-a46a-c9964d4dabd2_unrelaxed/vasprun.xml;dump-match:BP_spin_500_P130N6_ee74078f-bc7a-4330-a46a-c9964d4dabd2_unrelaxed,
MACE-OMAT,P_P130N7_2dd91df6-6100-4305-adb3-79179704cffe,P,P130N7,False,137,137,-719.973630278968,-743.032823897015,-5.255281972839183,-5.423597254722737,-23.059193618046947,-0.16831528188355435,-719.45479208,-741.8432598,-5.25149483270073,-5.414914305109489,-22.388467720000108,-0.16341947240875992,-22.38846772000011,-23.059193618046947,1.0,vasprun:ionic,model=MACE-OMAT;dft-match:P_P130N7_2dd91df6-6100-4305-adb3-79179704cffe_unrelaxed/vasprun.xml;dump-match:BP_spin_500_P130N7_2dd91df6-6100-4305-adb3-79179704cffe_unrelaxed,
MACE-OMAT,P_P130N7_e236b37e-ec6c-4beb-a178-c706965a3988,P,P130N7,False,137,137,-719.601815578832,-741.294306310343,-5.252567996925781,-5.410907345330971,-21.692490731511043,-0.1583393484051901,-718.32593285,-740.29589264,-5.243254984306569,-5.40361965430657,-21.969959790000075,-0.16036467000000054,-21.969959790000075,-21.692490731511043,1.0,vasprun:ionic,model=MACE-OMAT;dft-match:P_P130N7_e236b37e-ec6c-4beb-a178-c706965a3988_unrelaxed/vasprun.xml;dump-match:BP_spin_500_P130N7_e236b37e-ec6c-4beb-a178-c706965a3988_unrelaxed,
MACE-OMAT,P_P130N8_4da67312-af60-4b2d-adf5-10c7bd23799c,P,P130N8,False,138,138,-725.729794549499,-749.729126536399,-5.258911554706515,-5.432819757510138,-23.99933198689996,-0.1739082028036229,-724.73073633,-748.88124815,-5.251672002391304,-5.426675711231884,-24.15051182000002,-0.17500370884057986,-24.15051182000002,-23.99933198689996,1.0,vasprun:ionic,model=MACE-OMAT;dft-match:P_P130N8_4da67312-af60-4b2d-adf5-10c7bd23799c_unrelaxed/vasprun.xml;dump-match:BP_spin_500_P130N8_4da67312-af60-4b2d-adf5-10c7bd23799c_unrelaxed,
MACE-OMAT,P_P130N9_743bf692-dea8-42fa-913e-e86dff2ca8a2,P,P130N9,False,139,139,-733.831489921133,-757.813766969197,-5.279363236842683,-5.451897604094943,-23.98227704806402,-0.17253436725225912,-733.14011166,-757.22999841,-5.274389292517986,-5.44769783028777,-24.089886750000005,-0.17330853776978422,-24.089886750000005,-23.982277048064017,1.0,vasprun:ionic,model=MACE-OMAT;dft-match:P_P130N9_743bf692-dea8-42fa-913e-e86dff2ca8a2_unrelaxed/vasprun.xml;dump-match:BP_spin_500_P130N9_743bf692-dea8-42fa-913e-e86dff2ca8a2_unrelaxed,
MACE-OMAT,P_P134N2_7d818b15-98d7-46a0-8001-037c616cfa2c,P,P134N2,False,136,136,-712.273219097345,-723.699012308004,-5.2373030815981245,-5.3213162669706175,-11.42579321065898,-0.0840131853724925,-711.00341092,-724.62419005,-5.227966256764706,-5.328119044485295,-13.620779130000074,-0.10015278772058878,-13.620779130000074,-11.42579321065898,1.0,vasprun:ionic,model=MACE-OMAT;dft-match:P_P134N2_7d818b15-98d7-46a0-8001-037c616cfa2c_unrelaxed/vasprun.xml;dump-match:BP_spin_500_P134N2_7d818b15-98d7-46a0-8001-037c616cfa2c_unrelaxed,
MACE-OMAT,P_P134N3_0bbe3973-1534-431a-8cd6-f17dd0ee3b7a,P,P134N3,False,137,137,-720.759430682807,-733.965089752609,-5.26101774221027,-5.35740941425262,-13.205659069801982,-0.09639167204235023,-719.60078242,-735.94511828,-5.252560455620438,-5.371862177226277,-16.34433586,-0.11930172160583942,-16.34433586,-13.205659069801982,1.0,vasprun:ionic,model=MACE-OMAT;dft-match:P_P134N3_0bbe3973-1534-431a-8cd6-f17dd0ee3b7a_unrelaxed/vasprun.xml;dump-match:BP_spin_500_P134N3_0bbe3973-1534-431a-8cd6-f17dd0ee3b7a_unrelaxed,
MACE-OMAT,P_P134N3_bdc16de1-0e53-494f-a5e7-3c84bce2ac04,P,P134N3,False,137,137,-719.732237811688,-733.461701757686,-5.25351998402692,-5.3537350493261755,-13.729463945997963,-0.10021506529925521,-718.79951257,-732.81584272,-5.246711770583942,-5.349020749781022,-14.01633014999993,-0.10230897919707979,-14.01633014999993,-13.729463945997963,1.0,vasprun:ionic,model=MACE-OMAT;dft-match:P_P134N3_bdc16de1-0e53-494f-a5e7-3c84bce2ac04_unrelaxed/vasprun.xml;dump-match:BP_spin_500_P134N3_bdc16de1-0e53-494f-a5e7-3c84bce2ac04_unrelaxed,
MACE-OMAT,P_P134N3_dda7d839-bc4d-48cb-a66f-1ba5db069526,P,P134N3,False,137,137,-719.525554842506,-732.758537972597,-5.252011349215373,-5.348602466953262,-13.232983130090929,-0.09659111773788999,-718.44916649,-732.86983133,-5.244154499927007,-5.349414827226277,-14.420664839999972,-0.10526032729926987,-14.420664839999972,-13.232983130090929,1.0,vasprun:ionic,model=MACE-OMAT;dft-match:P_P134N3_dda7d839-bc4d-48cb-a66f-1ba5db069526_unrelaxed/vasprun.xml;dump-match:BP_spin_500_P134N3_dda7d839-bc4d-48cb-a66f-1ba5db069526_unrelaxed,
MACE-OMAT,P_P134N4_6e5f359b-6e75-4487-8517-24b248721bf2,P,P134N4,False,138,138,-726.989534520422,-740.973132790815,-5.268040105220449,-5.369370527469674,-13.983598270393031,-0.10133042224922487,-726.52764462,-741.27972253,-5.264693076956522,-5.371592192246377,-14.752077909999912,-0.10689911528985444,-14.752077909999912,-13.983598270393031,1.0,vasprun:ionic,model=MACE-OMAT;dft-match:P_P134N4_6e5f359b-6e75-4487-8517-24b248721bf2_unrelaxed/vasprun.xml;dump-match:BP_spin_500_P134N4_6e5f359b-6e75-4487-8517-24b248721bf2_unrelaxed,
MACE-OMAT,P_P134N4_767a10da-c92d-4725-90de-c0a8f0de82ce,P,P134N4,False,138,138,-728.230930990775,-741.806493841802,-5.27703573181721,-5.375409375665232,-13.575562851026916,-0.09837364384802114,-727.50677481,-741.1444366,-5.27178822326087,-5.37061185942029,-13.637661789999925,-0.09882363615941975,-13.637661789999925,-13.575562851026916,1.0,vasprun:ionic,model=MACE-OMAT;dft-match:P_P134N4_767a10da-c92d-4725-90de-c0a8f0de82ce_unrelaxed/vasprun.xml;dump-match:BP_spin_500_P134N4_767a10da-c92d-4725-90de-c0a8f0de82ce_unrelaxed,
MACE-OMAT,P_P134N5_2fb2dac9-625b-4a58-8d71-1ab73a779346,P,P134N5,False,139,139,-734.502820987874,-749.600306051369,-5.284192956747295,-5.392807957204093,-15.097485063495014,-0.10861500045679867,-733.48285338,-750.60629783,-5.27685506028777,-5.400045308129497,-17.123444449999965,-0.12319024784172637,-17.123444449999965,-15.097485063495016,1.0,vasprun:ionic,model=MACE-OMAT;dft-match:P_P134N5_2fb2dac9-625b-4a58-8d71-1ab73a779346_unrelaxed/vasprun.xml;dump-match:BP_spin_500_P134N5_2fb2dac9-625b-4a58-8d71-1ab73a779346_unrelaxed,
MACE-OMAT,P_P134N6_830832b7-0dd2-4f20-b337-b06a84de9d62,P,P134N6,False,140,140,-741.842746185824,-758.104427211381,-5.298876758470172,-5.415031622938436,-16.26168102555698,-0.11615486446826416,-741.57528259,-758.24109984,-5.296966304214286,-5.416007855999999,-16.665817249999918,-0.1190415517857137,-16.665817249999918,-16.26168102555698,1.0,vasprun:ionic,model=MACE-OMAT;dft-match:P_P134N6_830832b7-0dd2-4f20-b337-b06a84de9d62_unrelaxed/vasprun.xml;dump-match:BP_spin_500_P134N6_830832b7-0dd2-4f20-b337-b06a84de9d62_unrelaxed,
MACE-OMAT,P_P134N7_618fa7fd-b549-4eda-a5a2-2091f6fae7ba,P,P134N7,False,141,141,-749.070206377752,-767.666661662872,-5.312554655161362,-5.444444408956539,-18.596455285119987,-0.1318897537951772,-748.76012974,-768.11628177,-5.310355530070922,-5.447633204042553,-19.356152029999976,-0.13727767397163104,-19.356152029999976,-18.596455285119987,1.0,vasprun:ionic,model=MACE-OMAT;dft-match:P_P134N7_618fa7fd-b549-4eda-a5a2-2091f6fae7ba_unrelaxed/vasprun.xml;dump-match:BP_spin_500_P134N7_618fa7fd-b549-4eda-a5a2-2091f6fae7ba_unrelaxed,
MACE-OMAT,P_P134N7_e6d8503d-2d3e-4f27-a8a3-d4c9252f50ee,P,P134N7,False,141,141,-749.151342384723,-767.178256400275,-5.313130087834915,-5.4409805418459225,-18.02691401555205,-0.12785045401100745,-748.79700722,-767.30946277,-5.310617072482269,-5.441911083475177,-18.512455550000027,-0.131294010992908,-18.512455550000027,-18.02691401555205,1.0,vasprun:ionic,model=MACE-OMAT;dft-match:P_P134N7_e6d8503d-2d3e-4f27-a8a3-d4c9252f50ee_unrelaxed/vasprun.xml;dump-match:BP_spin_500_P134N7_e6d8503d-2d3e-4f27-a8a3-d4c9252f50ee_unrelaxed,
MACE-OMAT,P_P134N8_1940fe06-4315-4639-b6ea-12f7b20b6692,P,P134N8,False,142,142,-755.591437213455,-774.84561842621,-5.321066459249684,-5.45665928469162,-19.25418121275493,-0.13559282544193613,-755.58368301,-774.65398141,-5.321011852183099,-5.4553097282394365,-19.07029840000007,-0.13429787605633853,-19.07029840000007,-19.25418121275493,1.0,vasprun:ionic,model=MACE-OMAT;dft-match:P_P134N8_1940fe06-4315-4639-b6ea-12f7b20b6692_unrelaxed/vasprun.xml;dump-match:BP_spin_500_P134N8_1940fe06-4315-4639-b6ea-12f7b20b6692_unrelaxed,
MACE-OMAT,P_P134N8_77084258-796b-405c-8b5a-17d19cee3337,P,P134N8,False,142,142,-756.641639059492,-775.549004492904,-5.328462246897831,-5.461612707696507,-18.907365433411996,-0.13315046079867604,-756.56360189,-775.81406828,-5.3279126893661966,-5.463479354084507,-19.250466390000042,-0.13556666471831016,-19.250466390000042,-18.907365433411996,1.0,vasprun:ionic,model=MACE-OMAT;dft-match:P_P134N8_77084258-796b-405c-8b5a-17d19cee3337_unrelaxed/vasprun.xml;dump-match:BP_spin_500_P134N8_77084258-796b-405c-8b5a-17d19cee3337_unrelaxed,
MACE-OMAT,P_P134N9_c82f4875-98fb-49f1-ab04-283575a00f39,P,P134N9,False,143,143,-763.01333325358,-783.920266422529,-5.33575757519986,-5.48195990505265,-20.90693316894908,-0.14620232985279077,-763.13835897,-784.03191005,-5.336631880909091,-5.482740629720279,-20.893551079999952,-0.1461087488111885,-20.893551079999956,-20.90693316894908,1.0,vasprun:ionic,model=MACE-OMAT;dft-match:P_P134N9_c82f4875-98fb-49f1-ab04-283575a00f39_unrelaxed/vasprun.xml;dump-match:BP_spin_500_P134N9_c82f4875-98fb-49f1-ab04-283575a00f39_unrelaxed,
MACE-OMAT,P_P137N1_8d9efecc-9986-4799-a3a6-17f1cb926346,P,P137N1,False,138,138,-727.437540069239,-733.78684600188,-5.271286522240863,-5.31729598552087,-6.349305932640959,-0.04600946328000695,-727.05458933,-733.92677702,-5.268511516884058,-5.3183099784057974,-6.8721876900000325,-0.04979846152173937,-6.872187690000033,-6.349305932640959,1.0,vasprun:ionic,model=MACE-OMAT;dft-match:P_P137N1_8d9efecc-9986-4799-a3a6-17f1cb926346_unrelaxed/vasprun.xml;dump-match:BP_spin_500_P137N1_8d9efecc-9986-4799-a3a6-17f1cb926346_unrelaxed,
MACE-OMAT,P_P137N2_0d50c75d-1679-4bca-b91a-30bc458a92b4,P,P137N2,False,139,139,-734.545631177099,-742.65642012427,-5.284500943720137,-5.342851943340071,-8.110788947170931,-0.05835099961993476,-733.94854365,-742.74681807,-5.28020535,-5.343502288273381,-8.798274419999984,-0.06329693827338118,-8.798274419999984,-8.110788947170931,1.0,vasprun:ionic,model=MACE-OMAT;dft-match:P_P137N2_0d50c75d-1679-4bca-b91a-30bc458a92b4_unrelaxed/vasprun.xml;dump-match:BP_spin_500_P137N2_0d50c75d-1679-4bca-b91a-30bc458a92b4_unrelaxed,
MACE-OMAT,P_P137N2_4120326e-e6e5-44e8-8fde-ce97713d0792,P,P137N2,False,139,139,-734.306002550666,-743.655803007127,-5.282776996767382,-5.350041748252712,-9.349800456461026,-0.06726475148533112,-733.53667102,-743.80180714,-5.277242237553956,-5.351092137697842,-10.26513612000008,-0.07384990014388547,-10.265136120000081,-9.349800456461026,1.0,vasprun:ionic,model=MACE-OMAT;dft-match:P_P137N2_4120326e-e6e5-44e8-8fde-ce97713d0792_unrelaxed/vasprun.xml;dump-match:BP_spin_500_P137N2_4120326e-e6e5-44e8-8fde-ce97713d0792_unrelaxed,
MACE-OMAT,P_P137N2_57c8cd82-a352-42c5-bdff-8d5b28abd541,P,P137N2,False,139,139,-734.452139163468,-742.31411561617,-5.283828339305526,-5.34038932097964,-7.861976452702038,-0.05656098167411538,-733.61593297,-741.85006429,-5.277812467410072,-5.337050822230216,-8.23413131999996,-0.0592383548201436,-8.23413131999996,-7.861976452702038,1.0,vasprun:ionic,model=MACE-OMAT;dft-match:P_P137N2_57c8cd82-a352-42c5-bdff-8d5b28abd541_unrelaxed/vasprun.xml;dump-match:BP_spin_500_P137N2_57c8cd82-a352-42c5-bdff-8d5b28abd541_unrelaxed,
MACE-OMAT,P_P137N3_58779a3f-bd47-4dc3-8ca1-4e7b8b93f58c,P,P137N3,False,140,140,-741.638057141284,-751.491303652913,-5.2974146938663145,-5.367795026092235,-9.853246511628981,-0.0703803322259213,-741.24123597,-751.81077359,-5.294580256928572,-5.370076954214286,-10.569537620000006,-0.07549669728571433,-10.569537620000006,-9.853246511628981,1.0,vasprun:ionic,model=MACE-OMAT;dft-match:P_P137N3_58779a3f-bd47-4dc3-8ca1-4e7b8b93f58c_unrelaxed/vasprun.xml;dump-match:BP_spin_500_P137N3_58779a3f-bd47-4dc3-8ca1-4e7b8b93f58c_unrelaxed,
MACE-OMAT,P_P137N4_06c3f239-33bb-44df-8e03-5bd0614c77df,P,P137N4,False,141,141,-749.203881917987,-760.479306761578,-5.313502708638206,-5.393470260720411,-11.27542484359094,-0.07996755208220525,-748.88547852,-760.44040929,-5.311244528510638,-5.3931943921276595,-11.554930770000055,-0.08194986361702167,-11.554930770000055,-11.27542484359094,1.0,vasprun:ionic,model=MACE-OMAT;dft-match:P_P137N4_06c3f239-33bb-44df-8e03-5bd0614c77df_unrelaxed/vasprun.xml;dump-match:BP_spin_500_P137N4_06c3f239-33bb-44df-8e03-5bd0614c77df_unrelaxed,
MACE-OMAT,P_P137N4_45d7c27d-f7cb-443f-93fd-622d98716a8c,P,P137N4,False,141,141,-749.104256959933,-760.087412341989,-5.312796148652007,-5.390690867673681,-10.983155382055998,-0.07789471902167375,-748.68521255,-760.18464751,-5.309824202482269,-5.391380478794326,-11.49943496000003,-0.08155627631205696,-11.499434960000032,-10.983155382055998,1.0,vasprun:ionic,model=MACE-OMAT;dft-match:P_P137N4_45d7c27d-f7cb-443f-93fd-622d98716a8c_unrelaxed/vasprun.xml;dump-match:BP_spin_500_P137N4_45d7c27d-f7cb-443f-93fd-622d98716a8c_unrelaxed,
MACE-OMAT,P_P137N4_605910e6-9b1a-48a5-9eea-ecc820799a67,P,P137N4,False,141,141,-749.332696442537,-760.828676824033,-5.3144162868265035,-5.395948062581795,-11.495980381495997,-0.08153177575529076,-748.93162747,-760.27846914,-5.311571826028368,-5.392045880425532,-11.346841670000003,-0.08047405439716314,-11.346841670000003,-11.495980381495997,1.0,vasprun:ionic,model=MACE-OMAT;dft-match:P_P137N4_605910e6-9b1a-48a5-9eea-ecc820799a67_unrelaxed/vasprun.xml;dump-match:BP_spin_500_P137N4_605910e6-9b1a-48a5-9eea-ecc820799a67_unrelaxed,
MACE-OMAT,P_P137N4_eb6b3e67-dea4-41f9-b13e-79dfa9f5300a,P,P137N4,False,141,141,-749.270461166519,-760.216033304598,-5.313974901890206,-5.391603073082256,-10.945572138079001,-0.07762817119204965,-749.25760619,-760.07300376,-5.313883731843972,-5.390588679148936,-10.81539756999996,-0.07670494730496424,-10.81539756999996,-10.945572138079001,1.0,vasprun:ionic,model=MACE-OMAT;dft-match:P_P137N4_eb6b3e67-dea4-41f9-b13e-79dfa9f5300a_unrelaxed/vasprun.xml;dump-match:BP_spin_500_P137N4_eb6b3e67-dea4-41f9-b13e-79dfa9f5300a_unrelaxed,
MACE-OMAT,P_P137N5_0358e850-b83f-49ba-84d0-83a60cfc53c0,P,P137N5,False,142,142,-756.625330558061,-769.068911871648,-5.328347398296204,-5.415978252617239,-12.443581313586947,-0.08763085432103483,-756.61171325,-769.56217796,-5.328251501760564,-5.419451957464789,-12.950464710000006,-0.09120045570422539,-12.950464710000006,-12.443581313586947,1.0,vasprun:ionic,model=MACE-OMAT;dft-match:P_P137N5_0358e850-b83f-49ba-84d0-83a60cfc53c0_unrelaxed/vasprun.xml;dump-match:BP_spin_500_P137N5_0358e850-b83f-49ba-84d0-83a60cfc53c0_unrelaxed,
MACE-OMAT,P_P137N6_539a3b77-1177-49f8-920e-888a9e3efee1,P,P137N6,False,143,143,-764.072860400557,-778.389277000513,-5.343166855947952,-5.443281657346245,-14.316416599955915,-0.10011480139829311,-764.23749261,-778.75193484,-5.34431813013986,-5.445817726153846,-14.514442229999986,-0.10149959601398592,-14.514442229999986,-14.316416599955915,1.0,vasprun:ionic,model=MACE-OMAT;dft-match:P_P137N6_539a3b77-1177-49f8-920e-888a9e3efee1_unrelaxed/vasprun.xml;dump-match:BP_spin_500_P137N6_539a3b77-1177-49f8-920e-888a9e3efee1_unrelaxed,
MACE-OMAT,P_P141N1_801ae4a4-5b4a-4480-bf01-dbe9c0f9df3b,P,P141N1,False,142,142,-756.817994688351,-760.398757674661,-5.329704187946134,-5.354920828694796,-3.5807629863101056,-0.025216640748662717,-756.71879988,-760.42628661,-5.329005632957746,-5.35511469443662,-3.707486730000028,-0.026109061478873437,-3.707486730000028,-3.580762986310106,1.0,vasprun:ionic,model=MACE-OMAT;dft-match:P_P141N1_801ae4a4-5b4a-4480-bf01-dbe9c0f9df3b_unrelaxed/vasprun.xml;dump-match:BP_spin_500_P141N1_801ae4a4-5b4a-4480-bf01-dbe9c0f9df3b_unrelaxed,
MACE-OMAT,P_P141N1_aad91e07-a830-46a9-b029-f4631bbc21aa,P,P141N1,False,142,142,-756.815428868161,-760.468683864564,-5.3296861187898665,-5.355413266651859,-3.6532549964030068,-0.025727147861993007,-756.60269833,-760.53672486,-5.3281880164084505,-5.35589242859155,-3.9340265300000965,-0.02770441218309927,-3.9340265300000965,-3.653254996403007,1.0,vasprun:ionic,model=MACE-OMAT;dft-match:P_P141N1_aad91e07-a830-46a9-b029-f4631bbc21aa_unrelaxed/vasprun.xml;dump-match:BP_spin_500_P141N1_aad91e07-a830-46a9-b029-f4631bbc21aa_unrelaxed,
MACE-OMAT,P_P141N1_e061f29c-4ea8-4686-b353-b7a55664072b,P,P141N1,False,142,142,-757.01462766674,-761.346209483288,-5.331088927230564,-5.3615930245301975,-4.3315818165480096,-0.03050409729963387,-757.21786571,-761.35969827,-5.332520181056338,-5.361688015985915,-4.141832560000012,-0.029167834929577547,-4.141832560000012,-4.3315818165480096,1.0,vasprun:ionic,model=MACE-OMAT;dft-match:P_P141N1_e061f29c-4ea8-4686-b353-b7a55664072b_unrelaxed/vasprun.xml;dump-match:BP_spin_500_P141N1_e061f29c-4ea8-4686-b353-b7a55664072b_unrelaxed,
MACE-OMAT,P_P141N2_1129b1b9-35c9-487c-8451-3ba62e8a4a28,P,P141N2,False,143,143,-764.225435340313,-769.407595057909,-5.344233813568622,-5.38047269271265,-5.1821597175960505,-0.036238879144028326,-764.3746584,-769.6769249,-5.345277331468532,-5.382356118181819,-5.302266499999973,-0.03707878671328653,-5.302266499999973,-5.1821597175960505,1.0,vasprun:ionic,model=MACE-OMAT;dft-match:P_P141N2_1129b1b9-35c9-487c-8451-3ba62e8a4a28_unrelaxed/vasprun.xml;dump-match:BP_spin_500_P141N2_1129b1b9-35c9-487c-8451-3ba62e8a4a28_unrelaxed,
MACE-OMAT,P_P141N2_55cbbf86-9018-4610-8abd-8dc6ba7cfb25,P,P141N2,False,143,143,-764.120304366797,-769.268049156729,-5.343498631935643,-5.379496847249853,-5.147744789932062,-0.03599821531421023,-764.15851649,-769.51321208,-5.34376584958042,-5.381211273286714,-5.354695590000006,-0.037445423706293744,-5.354695590000006,-5.147744789932062,1.0,vasprun:ionic,model=MACE-OMAT;dft-match:P_P141N2_55cbbf86-9018-4610-8abd-8dc6ba7cfb25_unrelaxed/vasprun.xml;dump-match:BP_spin_500_P141N2_55cbbf86-9018-4610-8abd-8dc6ba7cfb25_unrelaxed,
MACE-OMAT,P_P141N2_bbde927d-2e5a-42ea-894b-640c5eb8fe1d,P,P141N2,False,143,143,-764.070940627795,-769.586340093383,-5.343153430963602,-5.381722657995685,-5.5153994655879615,-0.038569227032083646,-764.24738212,-769.60276026,-5.344387287552448,-5.381837484335664,-5.355378139999971,-0.03745019678321658,-5.355378139999971,-5.5153994655879615,1.0,vasprun:ionic,model=MACE-OMAT;dft-match:P_P141N2_bbde927d-2e5a-42ea-894b-640c5eb8fe1d_unrelaxed/vasprun.xml;dump-match:BP_spin_500_P141N2_bbde927d-2e5a-42ea-894b-640c5eb8fe1d_unrelaxed,
MACE-OMAT,P_P141N3_0cb3f035-4edc-490f-8308-24a5eea2a82f,P,P141N3,False,144,144,-771.628844929856,-778.332508136386,-5.358533645346222,-5.405086862058236,-6.7036632065299955,-0.04655321671201386,-772.0110956,-778.78436344,-5.3611881638888885,-5.408224746111111,-6.773267840000017,-0.04703658222222234,-6.773267840000017,-6.7036632065299955,1.0,vasprun:ionic,model=MACE-OMAT;dft-match:P_P141N3_0cb3f035-4edc-490f-8308-24a5eea2a82f_unrelaxed/vasprun.xml;dump-match:BP_spin_500_P141N3_0cb3f035-4edc-490f-8308-24a5eea2a82f_unrelaxed,
MACE-OMAT,P_P141N3_36cf2937-a12b-44cc-8666-c2b40897a308,P,P141N3,False,144,144,-771.654266095206,-778.374350178297,-5.358710181216709,-5.405377431793729,-6.720084083091024,-0.046667250577021,-772.0202484,-778.83072427,-5.361251725,-5.408546696319444,-6.810475870000005,-0.047294971319444476,-6.810475870000005,-6.720084083091024,1.0,vasprun:ionic,model=MACE-OMAT;dft-match:P_P141N3_36cf2937-a12b-44cc-8666-c2b40897a308_unrelaxed/vasprun.xml;dump-match:BP_spin_500_P141N3_36cf2937-a12b-44cc-8666-c2b40897a308_unrelaxed,
MACE-OMAT,P_P141N3_9d5b58ce-71cd-4d2d-94e6-30695815819b,P,P141N3,False,144,144,-771.676201920373,-778.382680742461,-5.358862513335924,-5.405435282933757,-6.706478822088002,-0.046572769597833345,-772.03239864,-778.83068379,-5.361336101666667,-5.408546415208333,-6.79828514999997,-0.04721031354166646,-6.79828514999997,-6.706478822088002,1.0,vasprun:ionic,model=MACE-OMAT;dft-match:P_P141N3_9d5b58ce-71cd-4d2d-94e6-30695815819b_unrelaxed/vasprun.xml;dump-match:BP_spin_500_P141N3_9d5b58ce-71cd-4d2d-94e6-30695815819b_unrelaxed,
MACE-OMAT,P_P141_00cb58bb-9519-47f8-ae57-cfbf5af07806,P,P141,False,141,141,-749.557272452863,-751.90515383329,-5.31600902448839,-5.332660665484326,-2.3478813804269976,-0.016651640995936152,-749.52224547,-752.24281399,-5.315760606170213,-5.335055418368794,-2.7205685199999152,-0.01929481219858096,-2.7205685199999152,-2.3478813804269976,1.0,vasprun:ionic,model=MACE-OMAT;dft-match:P_P141_00cb58bb-9519-47f8-ae57-cfbf5af07806_unrelaxed/vasprun.xml;dump-match:BP_spin_500_P141_00cb58bb-9519-47f8-ae57-cfbf5af07806_unrelaxed,
MACE-OMAT,ref,BP_spin_500,P,True,4,144,-21.4383731053326,-21.4383879321566,-5.35959327633315,-5.35959698303915,-1.4826823999669614e-05,-3.7067059999174035e-06,-772.07942177,-772.08036334,-5.361662651180556,-5.361669189861111,-0.000941570000009051,-6.53868055561841e-06,-2.615472222247364e-05,-0.0005337656639881061,,vasprun:ionic,"model=MACE-OMAT;is_pristine;pristine-supercell-mismatch:model=4,dft=144,ratio=0.0277778;pristine-totals-scaled: dft→model and model→dft",0.027777777777777776
