split,cif_id,system_label,n_frames,type_map
train,P_P126N9_001cebe5-1160-4066-8518-4a11401a1fd7,system.00000_P_P126N9_001cebe5-1160-4066-8518-4a11401a1fd7,200,"N,P"
train,P_P126N9_09568168-ac12-4e0c-b9c3-05c2a8237172,system.00001_P_P126N9_09568168-ac12-4e0c-b9c3-05c2a8237172,147,"N,P"
train,P_P126N9_0a0a6565-d670-47da-9da2-7dde4c4372c9,system.00002_P_P126N9_0a0a6565-d670-47da-9da2-7dde4c4372c9,180,"N,P"
train,P_P126N9_1249b0f7-6ba1-4eb3-9696-2c070b951597,system.00003_P_P126N9_1249b0f7-6ba1-4eb3-9696-2c070b951597,200,"N,P"
train,P_P126N9_12f21d69-5dd9-414e-8725-6bf198669ca2,system.00004_P_P126N9_12f21d69-5dd9-414e-8725-6bf198669ca2,115,"N,P"
train,P_P126N9_1730857a-2b5a-4925-9cd8-10b9df1f29ac,system.00005_P_P126N9_1730857a-2b5a-4925-9cd8-10b9df1f29ac,200,"N,P"
train,P_P126N9_192dc98f-61c1-4956-80e9-0df31c0abf32,system.00006_P_P126N9_192dc98f-61c1-4956-80e9-0df31c0abf32,200,"N,P"
train,P_P126N9_1f7dc053-6c30-4c82-ba4c-335f6d1abf7f,system.00007_P_P126N9_1f7dc053-6c30-4c82-ba4c-335f6d1abf7f,200,"N,P"
train,P_P126N9_1fa6f41e-505c-4e2a-8ba7-c3c6443fab8e,system.00008_P_P126N9_1fa6f41e-505c-4e2a-8ba7-c3c6443fab8e,200,"N,P"
train,P_P126N9_25816f4a-6e15-467f-83fc-4e1ea7799e2b,system.00009_P_P126N9_25816f4a-6e15-467f-83fc-4e1ea7799e2b,200,"N,P"
train,P_P126N9_2c43a131-a32a-4372-80ed-cb03ec5f2464,system.00010_P_P126N9_2c43a131-a32a-4372-80ed-cb03ec5f2464,200,"N,P"
train,P_P126N9_314e6036-22ea-459f-baa1-603a415ca576,system.00011_P_P126N9_314e6036-22ea-459f-baa1-603a415ca576,200,"N,P"
train,P_P126N9_391eee2d-2512-4811-90f5-6ef38a13d414,system.00012_P_P126N9_391eee2d-2512-4811-90f5-6ef38a13d414,200,"N,P"
train,P_P126N9_3d2e6e89-d1dd-4719-9fb9-22d6fc772e84,system.00013_P_P126N9_3d2e6e89-d1dd-4719-9fb9-22d6fc772e84,200,"N,P"
train,P_P126N9_40065ef3-33a4-4a04-a7b0-f6b2e2454d9b,system.00014_P_P126N9_40065ef3-33a4-4a04-a7b0-f6b2e2454d9b,199,"N,P"
train,P_P126N9_474f1e7f-dfcd-4053-91f7-503cc1ea0088,system.00015_P_P126N9_474f1e7f-dfcd-4053-91f7-503cc1ea0088,200,"N,P"
train,P_P126N9_48e32e8c-fb3e-4fab-98d2-39f618ea94d6,system.00016_P_P126N9_48e32e8c-fb3e-4fab-98d2-39f618ea94d6,200,"N,P"
train,P_P126N9_4a95634c-e361-441b-afe6-fee6bcb789c2,system.00017_P_P126N9_4a95634c-e361-441b-afe6-fee6bcb789c2,200,"N,P"
train,P_P126N9_4c41c46a-fb38-4e43-8130-65d3371d0b25,system.00018_P_P126N9_4c41c46a-fb38-4e43-8130-65d3371d0b25,200,"N,P"
train,P_P126N9_4d9a369e-93dd-4f42-bf3e-4a7f67636aa7,system.00019_P_P126N9_4d9a369e-93dd-4f42-bf3e-4a7f67636aa7,200,"N,P"
train,P_P126N9_4db72ad2-5159-4380-be28-61bd35157686,system.00020_P_P126N9_4db72ad2-5159-4380-be28-61bd35157686,200,"N,P"
train,P_P126N9_50acf2fa-7559-4526-b45e-dc90898c073a,system.00021_P_P126N9_50acf2fa-7559-4526-b45e-dc90898c073a,200,"N,P"
train,P_P126N9_5a4aaa7a-1bb5-4288-b9b7-d1614f1ae52d,system.00022_P_P126N9_5a4aaa7a-1bb5-4288-b9b7-d1614f1ae52d,200,"N,P"
train,P_P126N9_5e3f64e4-f2ac-450e-8cb4-0ad88c9d80c7,system.00023_P_P126N9_5e3f64e4-f2ac-450e-8cb4-0ad88c9d80c7,200,"N,P"
train,P_P126N9_5edfe23f-187b-4840-b1c1-b7e1f3f174c6,system.00024_P_P126N9_5edfe23f-187b-4840-b1c1-b7e1f3f174c6,200,"N,P"
train,P_P126N9_5eeef3f7-d6b6-4112-a8f3-3459ca7bc417,system.00025_P_P126N9_5eeef3f7-d6b6-4112-a8f3-3459ca7bc417,200,"N,P"
train,P_P126N9_5f3d0ffd-1140-4c3c-826d-c25b8706254b,system.00026_P_P126N9_5f3d0ffd-1140-4c3c-826d-c25b8706254b,200,"N,P"
train,P_P126N9_616fabd0-e1e2-4906-bd70-28893ed869f7,system.00027_P_P126N9_616fabd0-e1e2-4906-bd70-28893ed869f7,200,"N,P"
train,P_P126N9_6308aee1-9f2a-4d8b-add9-8ccf828e4459,system.00028_P_P126N9_6308aee1-9f2a-4d8b-add9-8ccf828e4459,200,"N,P"
train,P_P126N9_63d3ff4b-5857-4592-b45b-912467a1d4c3,system.00029_P_P126N9_63d3ff4b-5857-4592-b45b-912467a1d4c3,200,"N,P"
train,P_P126N9_65ed0d6c-b183-4fb8-bb61-ddff09de4b38,system.00030_P_P126N9_65ed0d6c-b183-4fb8-bb61-ddff09de4b38,200,"N,P"
train,P_P126N9_66cb822e-928f-4034-8a12-3901c8b17d23,system.00031_P_P126N9_66cb822e-928f-4034-8a12-3901c8b17d23,200,"N,P"
train,P_P126N9_68f9d9d1-776d-4373-add0-d476a5c00f6b,system.00032_P_P126N9_68f9d9d1-776d-4373-add0-d476a5c00f6b,200,"N,P"
train,P_P126N9_697eab6b-5508-41cd-9ca9-361cfb67cff9,system.00033_P_P126N9_697eab6b-5508-41cd-9ca9-361cfb67cff9,200,"N,P"
train,P_P126N9_7310b347-6231-44de-b0ff-6da0a8da68f8,system.00034_P_P126N9_7310b347-6231-44de-b0ff-6da0a8da68f8,200,"N,P"
train,P_P126N9_7380dfa8-dc05-4d80-9588-b428fbab583a,system.00035_P_P126N9_7380dfa8-dc05-4d80-9588-b428fbab583a,200,"N,P"
train,P_P126N9_7b53fa5a-ba81-4f48-a017-4e02e3c5e6d4,system.00036_P_P126N9_7b53fa5a-ba81-4f48-a017-4e02e3c5e6d4,200,"N,P"
train,P_P126N9_7bb4a04b-b3e4-4955-9dba-ca0b5d6dfe7f,system.00037_P_P126N9_7bb4a04b-b3e4-4955-9dba-ca0b5d6dfe7f,200,"N,P"
train,P_P126N9_7c8a6666-3183-41d0-906d-5872d9b7557d,system.00038_P_P126N9_7c8a6666-3183-41d0-906d-5872d9b7557d,200,"N,P"
train,P_P126N9_7e089551-95a4-43b8-bd0b-5c8c686dbadf,system.00039_P_P126N9_7e089551-95a4-43b8-bd0b-5c8c686dbadf,200,"N,P"
train,P_P126N9_7e386bda-acfa-4b9b-85ab-262d918dcba3,system.00040_P_P126N9_7e386bda-acfa-4b9b-85ab-262d918dcba3,200,"N,P"
train,P_P126N9_7fef6429-91c2-4aee-a79c-c727307fb228,system.00041_P_P126N9_7fef6429-91c2-4aee-a79c-c727307fb228,200,"N,P"
train,P_P126N9_82a2caa2-55c6-4409-8ad3-fb3dd6f1081c,system.00042_P_P126N9_82a2caa2-55c6-4409-8ad3-fb3dd6f1081c,200,"N,P"
train,P_P126N9_88053f0e-3c02-4df9-8704-5832fa09a700,system.00043_P_P126N9_88053f0e-3c02-4df9-8704-5832fa09a700,200,"N,P"
train,P_P126N9_8ba22c7c-d0b3-4b60-87e0-5e8cf04d7b20,system.00044_P_P126N9_8ba22c7c-d0b3-4b60-87e0-5e8cf04d7b20,200,"N,P"
train,P_P126N9_8e9cd6c4-cc42-40f5-8972-7502788a45ec,system.00045_P_P126N9_8e9cd6c4-cc42-40f5-8972-7502788a45ec,200,"N,P"
train,P_P126N9_901a7680-277a-4137-9fb4-55480e3280ab,system.00046_P_P126N9_901a7680-277a-4137-9fb4-55480e3280ab,200,"N,P"
train,P_P126N9_96b4f96c-bccb-4baf-994b-20008b8038dc,system.00047_P_P126N9_96b4f96c-bccb-4baf-994b-20008b8038dc,200,"N,P"
train,P_P126N9_994200c7-48e7-4478-8d6b-3498cd023aec,system.00048_P_P126N9_994200c7-48e7-4478-8d6b-3498cd023aec,200,"N,P"
train,P_P126N9_9aa3ffa5-a4ef-4c76-9bef-c8cfc152f2e6,system.00049_P_P126N9_9aa3ffa5-a4ef-4c76-9bef-c8cfc152f2e6,200,"N,P"
train,P_P126N9_9eb3e12a-558d-48e8-895d-cb367d561b14,system.00050_P_P126N9_9eb3e12a-558d-48e8-895d-cb367d561b14,200,"N,P"
train,P_P126N9_9eedb034-d3ea-4bc9-96ab-f9e8140bcc64,system.00051_P_P126N9_9eedb034-d3ea-4bc9-96ab-f9e8140bcc64,200,"N,P"
train,P_P126N9_a36daa6a-06d2-40db-a973-2be30dc2537f,system.00052_P_P126N9_a36daa6a-06d2-40db-a973-2be30dc2537f,200,"N,P"
train,P_P126N9_a6cd800a-d614-4645-877a-e6de215a9874,system.00053_P_P126N9_a6cd800a-d614-4645-877a-e6de215a9874,200,"N,P"
train,P_P126N9_b1273c09-bf9c-4d25-a799-f3c7013e997b,system.00054_P_P126N9_b1273c09-bf9c-4d25-a799-f3c7013e997b,200,"N,P"
train,P_P126N9_b1692ba6-5546-4a4e-8f00-b62c1a864bb6,system.00055_P_P126N9_b1692ba6-5546-4a4e-8f00-b62c1a864bb6,200,"N,P"
train,P_P126N9_b1e453dc-415f-4957-9871-7e364835d182,system.00056_P_P126N9_b1e453dc-415f-4957-9871-7e364835d182,163,"N,P"
train,P_P126N9_b4155960-cde2-4483-9f44-f24548a6e638,system.00057_P_P126N9_b4155960-cde2-4483-9f44-f24548a6e638,200,"N,P"
train,P_P126N9_b53eefc0-790b-4e73-8783-0f3bb8bf1cc2,system.00058_P_P126N9_b53eefc0-790b-4e73-8783-0f3bb8bf1cc2,200,"N,P"
train,P_P126N9_b8c22e2a-8e47-404b-b815-a42d55b03fae,system.00059_P_P126N9_b8c22e2a-8e47-404b-b815-a42d55b03fae,154,"N,P"
train,P_P126N9_bc892344-9e68-4a43-bfb3-6c1d5bcbc679,system.00060_P_P126N9_bc892344-9e68-4a43-bfb3-6c1d5bcbc679,200,"N,P"
train,P_P126N9_bf090566-616e-4677-859f-52e2702aac83,system.00061_P_P126N9_bf090566-616e-4677-859f-52e2702aac83,200,"N,P"
train,P_P126N9_c0b80f3b-a14e-4db9-a38e-9b1ea2b2b306,system.00062_P_P126N9_c0b80f3b-a14e-4db9-a38e-9b1ea2b2b306,200,"N,P"
train,P_P126N9_c78a55cb-1fab-417a-b1b5-feaa6377d616,system.00063_P_P126N9_c78a55cb-1fab-417a-b1b5-feaa6377d616,200,"N,P"
train,P_P126N9_cae1c228-d2fa-45b1-8b5d-2426da33e9f6,system.00064_P_P126N9_cae1c228-d2fa-45b1-8b5d-2426da33e9f6,200,"N,P"
train,P_P126N9_cbf225d9-923c-472b-999b-1505b8586322,system.00065_P_P126N9_cbf225d9-923c-472b-999b-1505b8586322,200,"N,P"
train,P_P126N9_ccc168f3-e29f-4a6d-b7fa-004479c1b6ef,system.00066_P_P126N9_ccc168f3-e29f-4a6d-b7fa-004479c1b6ef,200,"N,P"
train,P_P126N9_ce9b0273-a766-430e-ae8b-6fd28920999e,system.00067_P_P126N9_ce9b0273-a766-430e-ae8b-6fd28920999e,176,"N,P"
train,P_P126N9_cef8ee4f-27de-48e1-8016-1ba77e9c0658,system.00068_P_P126N9_cef8ee4f-27de-48e1-8016-1ba77e9c0658,200,"N,P"
train,P_P126N9_d6c80d9f-05a1-4732-8867-727505ecdc70,system.00069_P_P126N9_d6c80d9f-05a1-4732-8867-727505ecdc70,200,"N,P"
train,P_P126N9_d712b20e-edf9-4f84-98e3-09189f344383,system.00070_P_P126N9_d712b20e-edf9-4f84-98e3-09189f344383,200,"N,P"
train,P_P126N9_da0e2124-eedf-492e-823d-76695615eb97,system.00071_P_P126N9_da0e2124-eedf-492e-823d-76695615eb97,200,"N,P"
train,P_P126N9_db00c914-32cb-423f-9b1e-0cca156ced67,system.00072_P_P126N9_db00c914-32cb-423f-9b1e-0cca156ced67,129,"N,P"
train,P_P126N9_dd890994-b39a-4a20-8cb1-365956eeb1d7,system.00073_P_P126N9_dd890994-b39a-4a20-8cb1-365956eeb1d7,200,"N,P"
train,P_P126N9_df218ada-bff2-4241-9a7d-fada69001825,system.00074_P_P126N9_df218ada-bff2-4241-9a7d-fada69001825,200,"N,P"
train,P_P126N9_e0cbd1a7-9125-4f00-b5b4-0781ba880106,system.00075_P_P126N9_e0cbd1a7-9125-4f00-b5b4-0781ba880106,200,"N,P"
train,P_P126N9_e2cb621f-63bd-46d0-abf6-c3c83d6977c2,system.00076_P_P126N9_e2cb621f-63bd-46d0-abf6-c3c83d6977c2,200,"N,P"
train,P_P126N9_e4c357cc-06ee-4854-8a92-f31c1c63a107,system.00077_P_P126N9_e4c357cc-06ee-4854-8a92-f31c1c63a107,200,"N,P"
train,P_P126N9_e5ce60c6-dcef-4d70-82b8-5fb4c6e6daa5,system.00078_P_P126N9_e5ce60c6-dcef-4d70-82b8-5fb4c6e6daa5,200,"N,P"
train,P_P126N9_e5f4bc08-e0cf-42c3-a894-29fc25f626df,system.00079_P_P126N9_e5f4bc08-e0cf-42c3-a894-29fc25f626df,138,"N,P"
train,P_P126N9_e737c37b-ed52-43de-9e34-88efa34d0a72,system.00080_P_P126N9_e737c37b-ed52-43de-9e34-88efa34d0a72,200,"N,P"
train,P_P126N9_e81e158e-219c-4792-bb41-fbb403ce199a,system.00081_P_P126N9_e81e158e-219c-4792-bb41-fbb403ce199a,200,"N,P"
train,P_P126N9_ea23f51d-a5bc-4add-8a6f-9dd67d203048,system.00082_P_P126N9_ea23f51d-a5bc-4add-8a6f-9dd67d203048,200,"N,P"
train,P_P126N9_f0965366-b1c2-499d-916a-56ecd381508f,system.00083_P_P126N9_f0965366-b1c2-499d-916a-56ecd381508f,200,"N,P"
train,P_P126N9_f65db996-9b04-4aa3-af3f-d5e5e4b755ff,system.00084_P_P126N9_f65db996-9b04-4aa3-af3f-d5e5e4b755ff,200,"N,P"
train,P_P126N9_fdacf9d4-fc2e-4e9a-80f4-15553a42966e,system.00085_P_P126N9_fdacf9d4-fc2e-4e9a-80f4-15553a42966e,200,"N,P"
train,P_P130N5_2c0a7c70-64dc-4f8e-9ad2-76b9b63faab8,system.00086_P_P130N5_2c0a7c70-64dc-4f8e-9ad2-76b9b63faab8,200,"N,P"
train,P_P130N5_4c457252-3cad-4d67-9a4c-b51053edab2e,system.00087_P_P130N5_4c457252-3cad-4d67-9a4c-b51053edab2e,200,"N,P"
train,P_P130N5_4e385960-7233-4e3c-9d15-e61da012e8f7,system.00088_P_P130N5_4e385960-7233-4e3c-9d15-e61da012e8f7,163,"N,P"
train,P_P130N5_4ee3a88f-97de-4829-ae40-03303b6e6b5f,system.00089_P_P130N5_4ee3a88f-97de-4829-ae40-03303b6e6b5f,148,"N,P"
train,P_P130N5_6e3e845b-8c44-44c0-ba72-6328e12f6052,system.00090_P_P130N5_6e3e845b-8c44-44c0-ba72-6328e12f6052,169,"N,P"
train,P_P130N5_80f6bc02-a992-4236-9ff5-295b6a41e29c,system.00091_P_P130N5_80f6bc02-a992-4236-9ff5-295b6a41e29c,96,"N,P"
train,P_P130N5_896edace-b940-4729-b10a-4299f50f3f54,system.00092_P_P130N5_896edace-b940-4729-b10a-4299f50f3f54,200,"N,P"
train,P_P130N5_eaa7618c-ccd2-429c-8d8a-d050a79aa4f6,system.00093_P_P130N5_eaa7618c-ccd2-429c-8d8a-d050a79aa4f6,200,"N,P"
train,P_P130N5_ecdf8c58-5dda-41dd-84a3-7f128e7e4c41,system.00094_P_P130N5_ecdf8c58-5dda-41dd-84a3-7f128e7e4c41,200,"N,P"
train,P_P130N5_ed2bf4f7-4100-4e7a-8ca4-487c425f22ae,system.00095_P_P130N5_ed2bf4f7-4100-4e7a-8ca4-487c425f22ae,200,"N,P"
train,P_P130N6_08ba2b13-49a2-4e21-bb5d-88eb3756f542,system.00096_P_P130N6_08ba2b13-49a2-4e21-bb5d-88eb3756f542,200,"N,P"
train,P_P130N6_0cd4835e-8f7f-4b09-b142-165944c92a15,system.00097_P_P130N6_0cd4835e-8f7f-4b09-b142-165944c92a15,200,"N,P"
train,P_P130N6_1d3a8609-0aa7-4147-a144-39eb469c3966,system.00098_P_P130N6_1d3a8609-0aa7-4147-a144-39eb469c3966,115,"N,P"
train,P_P130N6_218a96bc-dac1-4fa7-8749-3bbb58e1d15d,system.00099_P_P130N6_218a96bc-dac1-4fa7-8749-3bbb58e1d15d,200,"N,P"
train,P_P130N6_37773af0-c054-4339-aa42-6e09ec39bbfc,system.00100_P_P130N6_37773af0-c054-4339-aa42-6e09ec39bbfc,200,"N,P"
train,P_P130N6_8780cc4a-2c2c-4e87-b15d-2686726157f0,system.00101_P_P130N6_8780cc4a-2c2c-4e87-b15d-2686726157f0,200,"N,P"
train,P_P130N6_88db6f28-2c41-406d-b843-4a467435e1dd,system.00102_P_P130N6_88db6f28-2c41-406d-b843-4a467435e1dd,200,"N,P"
train,P_P130N6_8f5a7df4-beb3-475e-8e4b-3991d5d4922a,system.00103_P_P130N6_8f5a7df4-beb3-475e-8e4b-3991d5d4922a,112,"N,P"
train,P_P130N6_a561b15c-3302-48d7-b324-92890d7914a2,system.00104_P_P130N6_a561b15c-3302-48d7-b324-92890d7914a2,194,"N,P"
train,P_P130N6_b948f9c5-ec94-4745-b51c-f6bc89cb8bf4,system.00105_P_P130N6_b948f9c5-ec94-4745-b51c-f6bc89cb8bf4,163,"N,P"
train,P_P130N6_ba791020-e5c2-4b19-8d8d-c8121118f779,system.00106_P_P130N6_ba791020-e5c2-4b19-8d8d-c8121118f779,200,"N,P"
train,P_P130N6_c435a7f0-479d-4698-9c35-17c29f15eda8,system.00107_P_P130N6_c435a7f0-479d-4698-9c35-17c29f15eda8,200,"N,P"
train,P_P130N6_c80089f3-fe52-447f-ac9a-4918b4a7a919,system.00108_P_P130N6_c80089f3-fe52-447f-ac9a-4918b4a7a919,200,"N,P"
train,P_P130N6_de7d770b-cec9-4f6e-8f95-aed0f319626d,system.00109_P_P130N6_de7d770b-cec9-4f6e-8f95-aed0f319626d,200,"N,P"
train,P_P130N6_efbb5525-a45d-4da4-83d9-5c02ac781399,system.00110_P_P130N6_efbb5525-a45d-4da4-83d9-5c02ac781399,200,"N,P"
train,P_P130N6_fdc59dc5-9b20-461f-9886-29c7d28ee7a0,system.00111_P_P130N6_fdc59dc5-9b20-461f-9886-29c7d28ee7a0,144,"N,P"
train,P_P130N7_01f80b8d-2b13-4c1a-bc47-483b9d022da0,system.00112_P_P130N7_01f80b8d-2b13-4c1a-bc47-483b9d022da0,181,"N,P"
train,P_P130N7_09c76836-eafc-4eba-bc4d-3fbead153841,system.00113_P_P130N7_09c76836-eafc-4eba-bc4d-3fbead153841,150,"N,P"
train,P_P130N7_2025967a-9ab1-4d20-b533-10bf9f3e9ac4,system.00114_P_P130N7_2025967a-9ab1-4d20-b533-10bf9f3e9ac4,173,"N,P"
train,P_P130N7_2135ffc4-91ef-43c5-9c02-a683d45b6bad,system.00115_P_P130N7_2135ffc4-91ef-43c5-9c02-a683d45b6bad,200,"N,P"
train,P_P130N7_3bbf346e-d285-465c-bf8f-ec588c33ca93,system.00116_P_P130N7_3bbf346e-d285-465c-bf8f-ec588c33ca93,200,"N,P"
train,P_P130N7_4a2a1de9-21f5-407c-92b9-fcc691c32f2c,system.00117_P_P130N7_4a2a1de9-21f5-407c-92b9-fcc691c32f2c,200,"N,P"
train,P_P130N7_5e586fd5-ff63-46fc-932e-f81f6d62a141,system.00118_P_P130N7_5e586fd5-ff63-46fc-932e-f81f6d62a141,200,"N,P"
train,P_P130N7_63ba624c-3c3d-48ef-9c65-71c70f391891,system.00119_P_P130N7_63ba624c-3c3d-48ef-9c65-71c70f391891,200,"N,P"
train,P_P130N7_66b1afd9-5750-460e-a194-84b877b091c0,system.00120_P_P130N7_66b1afd9-5750-460e-a194-84b877b091c0,200,"N,P"
train,P_P130N7_67067a32-129b-4042-85a1-9b1472951f67,system.00121_P_P130N7_67067a32-129b-4042-85a1-9b1472951f67,170,"N,P"
train,P_P130N7_92210645-49ed-4160-affb-82d7e1378eac,system.00122_P_P130N7_92210645-49ed-4160-affb-82d7e1378eac,200,"N,P"
train,P_P130N7_994234e0-6afa-4350-9336-08ff99246c9e,system.00123_P_P130N7_994234e0-6afa-4350-9336-08ff99246c9e,200,"N,P"
train,P_P130N7_ad5f6a9f-a704-4f5e-ba23-947aebf85ffe,system.00124_P_P130N7_ad5f6a9f-a704-4f5e-ba23-947aebf85ffe,103,"N,P"
train,P_P130N7_cbb24f34-38ab-490e-ba63-d259d94a7542,system.00125_P_P130N7_cbb24f34-38ab-490e-ba63-d259d94a7542,200,"N,P"
train,P_P130N7_cde45174-f3e4-4f7a-ab85-24328593d92f,system.00126_P_P130N7_cde45174-f3e4-4f7a-ab85-24328593d92f,200,"N,P"
train,P_P130N7_f91e70ca-6967-4b13-9eb7-597606d554fa,system.00127_P_P130N7_f91e70ca-6967-4b13-9eb7-597606d554fa,189,"N,P"
train,P_P130N8_02a763c1-8434-4799-94fb-ae0fa1d9a7c6,system.00128_P_P130N8_02a763c1-8434-4799-94fb-ae0fa1d9a7c6,117,"N,P"
train,P_P130N8_08c78543-f2b7-455f-8e22-974c8b4596b5,system.00129_P_P130N8_08c78543-f2b7-455f-8e22-974c8b4596b5,200,"N,P"
train,P_P130N8_08f35635-f38e-4fb1-815e-0fad4f3151b9,system.00130_P_P130N8_08f35635-f38e-4fb1-815e-0fad4f3151b9,200,"N,P"
train,P_P130N8_11fa53a0-1edb-4670-b5f3-e004c73bf4af,system.00131_P_P130N8_11fa53a0-1edb-4670-b5f3-e004c73bf4af,200,"N,P"
train,P_P130N8_1869feb3-2277-4668-a9ea-fcf8e2c063c7,system.00132_P_P130N8_1869feb3-2277-4668-a9ea-fcf8e2c063c7,187,"N,P"
train,P_P130N8_4aac5017-d6d9-4292-8811-719a1f60d73b,system.00133_P_P130N8_4aac5017-d6d9-4292-8811-719a1f60d73b,200,"N,P"
train,P_P130N8_5ba3615a-2ff7-4a52-be6b-43df378e9901,system.00134_P_P130N8_5ba3615a-2ff7-4a52-be6b-43df378e9901,167,"N,P"
train,P_P130N8_6a9c8bef-5a4e-493e-b8d4-7059d206be2b,system.00135_P_P130N8_6a9c8bef-5a4e-493e-b8d4-7059d206be2b,200,"N,P"
train,P_P130N8_b6b6d550-e53b-4108-b41b-b25643f0fd24,system.00136_P_P130N8_b6b6d550-e53b-4108-b41b-b25643f0fd24,200,"N,P"
train,P_P130N8_ca4965fe-3e77-4fcc-b3c3-b04867b3b6f6,system.00137_P_P130N8_ca4965fe-3e77-4fcc-b3c3-b04867b3b6f6,177,"N,P"
train,P_P130N8_d44cef95-6ae9-4b15-b1f6-fb93414e6b3a,system.00138_P_P130N8_d44cef95-6ae9-4b15-b1f6-fb93414e6b3a,167,"N,P"
train,P_P130N8_db7d6523-770a-42fe-b281-0ca1eb35cbf9,system.00139_P_P130N8_db7d6523-770a-42fe-b281-0ca1eb35cbf9,185,"N,P"
train,P_P130N8_dd71e334-eece-43e1-a544-59db454dd3a4,system.00140_P_P130N8_dd71e334-eece-43e1-a544-59db454dd3a4,200,"N,P"
train,P_P130N8_df98ff3b-6173-4c50-ae56-97602fdf8885,system.00141_P_P130N8_df98ff3b-6173-4c50-ae56-97602fdf8885,169,"N,P"
train,P_P130N8_e0cbdf57-ff29-441b-b3c1-3f37dc641a17,system.00142_P_P130N8_e0cbdf57-ff29-441b-b3c1-3f37dc641a17,200,"N,P"
train,P_P130N9_12e632da-5c04-4ab7-ad14-49b9b6a8c77b,system.00143_P_P130N9_12e632da-5c04-4ab7-ad14-49b9b6a8c77b,200,"N,P"
train,P_P130N9_17b41d60-2546-4181-8472-f88095da555d,system.00144_P_P130N9_17b41d60-2546-4181-8472-f88095da555d,200,"N,P"
train,P_P130N9_1b6fc625-17fa-492f-8b99-6f8f33517b1d,system.00145_P_P130N9_1b6fc625-17fa-492f-8b99-6f8f33517b1d,200,"N,P"
train,P_P130N9_27b92406-2dc7-4122-bfb0-0bfa56a5d9ff,system.00146_P_P130N9_27b92406-2dc7-4122-bfb0-0bfa56a5d9ff,173,"N,P"
train,P_P130N9_3062eaab-2840-4ec2-9db1-5015c7b9aa4d,system.00147_P_P130N9_3062eaab-2840-4ec2-9db1-5015c7b9aa4d,112,"N,P"
train,P_P130N9_3fc7f007-8310-411c-a5e8-a0e6c2637a0c,system.00148_P_P130N9_3fc7f007-8310-411c-a5e8-a0e6c2637a0c,108,"N,P"
train,P_P130N9_6442911f-1ed6-4891-b85a-d1b822e2ebdc,system.00149_P_P130N9_6442911f-1ed6-4891-b85a-d1b822e2ebdc,142,"N,P"
train,P_P130N9_71fffdfb-4326-48a2-8c73-33319d961736,system.00150_P_P130N9_71fffdfb-4326-48a2-8c73-33319d961736,200,"N,P"
train,P_P130N9_74450b87-d1a5-4e39-bf68-a8ecd754afba,system.00151_P_P130N9_74450b87-d1a5-4e39-bf68-a8ecd754afba,200,"N,P"
train,P_P130N9_8de0d577-74d0-44a2-aeee-f08f4fe990b2,system.00152_P_P130N9_8de0d577-74d0-44a2-aeee-f08f4fe990b2,180,"N,P"
train,P_P130N9_9c55fcfb-4852-4fb8-8dba-4928deac216e,system.00153_P_P130N9_9c55fcfb-4852-4fb8-8dba-4928deac216e,152,"N,P"
train,P_P130N9_a44c00cc-8235-42f4-9c05-bb42b397e8d4,system.00154_P_P130N9_a44c00cc-8235-42f4-9c05-bb42b397e8d4,109,"N,P"
train,P_P130N9_b6a3ecff-e5af-49b3-a6be-f606fcb52931,system.00155_P_P130N9_b6a3ecff-e5af-49b3-a6be-f606fcb52931,200,"N,P"
train,P_P130N9_c3e5370b-0dc4-4cfc-a17a-d1330199b2ac,system.00156_P_P130N9_c3e5370b-0dc4-4cfc-a17a-d1330199b2ac,200,"N,P"
train,P_P130N9_c882b163-1c7a-49f2-ba35-bc6295794690,system.00157_P_P130N9_c882b163-1c7a-49f2-ba35-bc6295794690,200,"N,P"
train,P_P130N9_db27f21b-cae3-4918-b3ba-8c8b53c63298,system.00158_P_P130N9_db27f21b-cae3-4918-b3ba-8c8b53c63298,116,"N,P"
train,P_P130N9_df91be18-c748-407e-ba23-f1eff4499333,system.00159_P_P130N9_df91be18-c748-407e-ba23-f1eff4499333,149,"N,P"
train,P_P130N9_e2c5c376-7257-4338-943d-2bf5966c3069,system.00160_P_P130N9_e2c5c376-7257-4338-943d-2bf5966c3069,200,"N,P"
train,P_P130N9_f3fab8c3-3ce2-430a-a807-842bb30610ed,system.00161_P_P130N9_f3fab8c3-3ce2-430a-a807-842bb30610ed,200,"N,P"
train,P_P130N9_fe8c27f7-59e4-4eb1-8a8c-053424d50d5d,system.00162_P_P130N9_fe8c27f7-59e4-4eb1-8a8c-053424d50d5d,200,"N,P"
train,P_P134N1_c9de04e1-bbe0-4d3f-a80f-5fbc20ee4341,system.00163_P_P134N1_c9de04e1-bbe0-4d3f-a80f-5fbc20ee4341,164,"N,P"
train,P_P134N2_b92a129c-f235-49ff-9d7a-17762d5bc989,system.00164_P_P134N2_b92a129c-f235-49ff-9d7a-17762d5bc989,152,"N,P"
train,P_P134N3_15b930fc-1826-40d2-96ba-9d74d17dabd3,system.00165_P_P134N3_15b930fc-1826-40d2-96ba-9d74d17dabd3,154,"N,P"
train,P_P134N3_409f65ef-2273-4d8e-a6b1-bb5f60b05449,system.00166_P_P134N3_409f65ef-2273-4d8e-a6b1-bb5f60b05449,200,"N,P"
train,P_P134N3_7ebc2d09-bdac-4179-a839-c70d9f23c09f,system.00167_P_P134N3_7ebc2d09-bdac-4179-a839-c70d9f23c09f,200,"N,P"
train,P_P134N3_9b2d83ba-6543-425a-80ee-c038f54762e6,system.00168_P_P134N3_9b2d83ba-6543-425a-80ee-c038f54762e6,197,"N,P"
train,P_P134N3_9d8a29c4-56aa-472d-bd90-e365c71ca7aa,system.00169_P_P134N3_9d8a29c4-56aa-472d-bd90-e365c71ca7aa,183,"N,P"
train,P_P134N3_a583a5c5-7ee5-4059-8db9-de8f911cc29a,system.00170_P_P134N3_a583a5c5-7ee5-4059-8db9-de8f911cc29a,200,"N,P"
train,P_P134N3_a677e9e4-ac2d-46cf-a2b1-1d38f6e11e89,system.00171_P_P134N3_a677e9e4-ac2d-46cf-a2b1-1d38f6e11e89,193,"N,P"
train,P_P134N3_cbfa87f8-5485-422b-81ac-40a16b13277a,system.00172_P_P134N3_cbfa87f8-5485-422b-81ac-40a16b13277a,178,"N,P"
train,P_P134N3_fded71ba-b99c-418b-b57d-49fa3248c9e2,system.00173_P_P134N3_fded71ba-b99c-418b-b57d-49fa3248c9e2,113,"N,P"
train,P_P134N4_0353b1ca-5c8a-43b1-b8f5-4f32de886987,system.00174_P_P134N4_0353b1ca-5c8a-43b1-b8f5-4f32de886987,197,"N,P"
train,P_P134N4_1cf43041-d206-4f94-8eee-bb99bf6bb6e3,system.00175_P_P134N4_1cf43041-d206-4f94-8eee-bb99bf6bb6e3,179,"N,P"
train,P_P134N4_1f4f24b8-bb8b-46e4-999c-ae52a386ae3a,system.00176_P_P134N4_1f4f24b8-bb8b-46e4-999c-ae52a386ae3a,189,"N,P"
train,P_P134N4_1fe3516f-1738-48a9-9e5e-18be3c987e21,system.00177_P_P134N4_1fe3516f-1738-48a9-9e5e-18be3c987e21,168,"N,P"
train,P_P134N4_38f274f6-4e5b-4e75-af8a-d382b8a7f15f,system.00178_P_P134N4_38f274f6-4e5b-4e75-af8a-d382b8a7f15f,196,"N,P"
train,P_P134N4_3febdf35-4e17-4685-965c-0fbd755217de,system.00179_P_P134N4_3febdf35-4e17-4685-965c-0fbd755217de,200,"N,P"
train,P_P134N4_40525fc0-40da-4864-8c25-0c2e48f1dc5d,system.00180_P_P134N4_40525fc0-40da-4864-8c25-0c2e48f1dc5d,200,"N,P"
train,P_P134N4_461e2c63-a6ef-4683-9fd5-c7ca0df15ce2,system.00181_P_P134N4_461e2c63-a6ef-4683-9fd5-c7ca0df15ce2,160,"N,P"
train,P_P134N4_76bce3cf-0f4f-4e0c-a1c9-c8c6ebcf0a08,system.00182_P_P134N4_76bce3cf-0f4f-4e0c-a1c9-c8c6ebcf0a08,124,"N,P"
train,P_P134N4_868ae9b7-8335-4856-9a20-e132e014bf56,system.00183_P_P134N4_868ae9b7-8335-4856-9a20-e132e014bf56,103,"N,P"
train,P_P134N4_89dc2314-6579-4424-b6c7-d062222a43ae,system.00184_P_P134N4_89dc2314-6579-4424-b6c7-d062222a43ae,147,"N,P"
train,P_P134N4_8c5769b4-9dc9-4032-abac-2af201bc5d8f,system.00185_P_P134N4_8c5769b4-9dc9-4032-abac-2af201bc5d8f,181,"N,P"
train,P_P134N4_8e2fa756-7496-4508-a2a1-3f5fa25aeffe,system.00186_P_P134N4_8e2fa756-7496-4508-a2a1-3f5fa25aeffe,103,"N,P"
train,P_P134N4_95d6b15c-5a7c-4057-98c2-34ce9f796f3b,system.00187_P_P134N4_95d6b15c-5a7c-4057-98c2-34ce9f796f3b,142,"N,P"
train,P_P134N4_a9df820c-b893-41d5-814e-7bcaac40821e,system.00188_P_P134N4_a9df820c-b893-41d5-814e-7bcaac40821e,115,"N,P"
train,P_P134N4_ae136efa-c44c-4335-a31b-f9925eb03a7b,system.00189_P_P134N4_ae136efa-c44c-4335-a31b-f9925eb03a7b,200,"N,P"
train,P_P134N4_e02cd285-929e-4369-9fb2-ea222ee54a52,system.00190_P_P134N4_e02cd285-929e-4369-9fb2-ea222ee54a52,178,"N,P"
train,P_P134N4_e5ec77f8-8cc3-40ab-8d6b-e52f8d6306e8,system.00191_P_P134N4_e5ec77f8-8cc3-40ab-8d6b-e52f8d6306e8,162,"N,P"
train,P_P134N5_014d7867-5bbd-4b36-94ca-25f5445d180a,system.00192_P_P134N5_014d7867-5bbd-4b36-94ca-25f5445d180a,200,"N,P"
train,P_P134N5_57f4ae5f-93fb-43cd-96cd-02bd64f2d098,system.00193_P_P134N5_57f4ae5f-93fb-43cd-96cd-02bd64f2d098,162,"N,P"
train,P_P134N5_62a407e9-aa9c-4f88-a27f-c89ec12fe962,system.00194_P_P134N5_62a407e9-aa9c-4f88-a27f-c89ec12fe962,109,"N,P"
train,P_P134N5_65de94d6-bf47-4f7d-b5c8-e46f3ee6411d,system.00195_P_P134N5_65de94d6-bf47-4f7d-b5c8-e46f3ee6411d,183,"N,P"
train,P_P134N5_82af502a-3429-4a1d-a6e2-cdce7962a6e0,system.00196_P_P134N5_82af502a-3429-4a1d-a6e2-cdce7962a6e0,200,"N,P"
train,P_P134N5_8fc90672-e572-478f-a6fb-8713e877498b,system.00197_P_P134N5_8fc90672-e572-478f-a6fb-8713e877498b,176,"N,P"
train,P_P134N5_a31ed8c7-1605-4f5d-bd26-e5843611b232,system.00198_P_P134N5_a31ed8c7-1605-4f5d-bd26-e5843611b232,200,"N,P"
train,P_P134N5_a864d784-5a0c-4495-82d5-a679ac327c34,system.00199_P_P134N5_a864d784-5a0c-4495-82d5-a679ac327c34,113,"N,P"
train,P_P134N5_aaa1614d-2055-467f-8b81-2ee6d2079f7d,system.00200_P_P134N5_aaa1614d-2055-467f-8b81-2ee6d2079f7d,118,"N,P"
train,P_P134N5_c23221a9-df60-4cdc-9665-4fdc194c5873,system.00201_P_P134N5_c23221a9-df60-4cdc-9665-4fdc194c5873,167,"N,P"
train,P_P134N5_c451268e-ac0d-4124-b970-8314fbde1f26,system.00202_P_P134N5_c451268e-ac0d-4124-b970-8314fbde1f26,103,"N,P"
train,P_P134N5_d2b8d242-9a9b-488f-9798-377052a014f7,system.00203_P_P134N5_d2b8d242-9a9b-488f-9798-377052a014f7,153,"N,P"
train,P_P134N5_def7da73-9b20-4bae-a4a0-595c4a025b9a,system.00204_P_P134N5_def7da73-9b20-4bae-a4a0-595c4a025b9a,200,"N,P"
train,P_P134N5_f507163f-08d6-4049-b4fc-752a8460244b,system.00205_P_P134N5_f507163f-08d6-4049-b4fc-752a8460244b,200,"N,P"
train,P_P134N5_f56e1f7a-b220-4377-92eb-6d5b4e24f938,system.00206_P_P134N5_f56e1f7a-b220-4377-92eb-6d5b4e24f938,110,"N,P"
train,P_P134N5_fb60d648-7bf8-48af-bca4-acc90bc17b7b,system.00207_P_P134N5_fb60d648-7bf8-48af-bca4-acc90bc17b7b,134,"N,P"
train,P_P134N6_0c75b3d9-dab1-4c86-b4aa-8a992d8eccb7,system.00208_P_P134N6_0c75b3d9-dab1-4c86-b4aa-8a992d8eccb7,200,"N,P"
train,P_P134N6_1795fa63-6921-49b3-99d2-6d1d42e69da8,system.00209_P_P134N6_1795fa63-6921-49b3-99d2-6d1d42e69da8,200,"N,P"
train,P_P134N6_27a5dcd5-d616-46a0-93b6-c44ea8bd8b70,system.00210_P_P134N6_27a5dcd5-d616-46a0-93b6-c44ea8bd8b70,145,"N,P"
train,P_P134N6_2f9acbda-8d5d-41ea-a290-6d9370abf721,system.00211_P_P134N6_2f9acbda-8d5d-41ea-a290-6d9370abf721,200,"N,P"
train,P_P134N6_3b0609d7-100e-4770-b032-4f7ccb643c8a,system.00212_P_P134N6_3b0609d7-100e-4770-b032-4f7ccb643c8a,200,"N,P"
train,P_P134N6_7770b6b7-0902-4b9a-8212-c2abcbf9202b,system.00213_P_P134N6_7770b6b7-0902-4b9a-8212-c2abcbf9202b,159,"N,P"
train,P_P134N6_8fec1ea2-f8f7-489d-8c17-4676cc311996,system.00214_P_P134N6_8fec1ea2-f8f7-489d-8c17-4676cc311996,162,"N,P"
train,P_P134N6_b540332c-a65f-418a-9e58-89aada84e729,system.00215_P_P134N6_b540332c-a65f-418a-9e58-89aada84e729,122,"N,P"
train,P_P134N6_c3cf1a78-0368-4c4f-9bba-ba26ce2e58bd,system.00216_P_P134N6_c3cf1a78-0368-4c4f-9bba-ba26ce2e58bd,108,"N,P"
train,P_P134N6_d3a602b0-3ce3-4e8e-82fd-c0b4be0c93b8,system.00217_P_P134N6_d3a602b0-3ce3-4e8e-82fd-c0b4be0c93b8,166,"N,P"
train,P_P134N6_da22a42e-e9af-426b-9203-b2620563c393,system.00218_P_P134N6_da22a42e-e9af-426b-9203-b2620563c393,101,"N,P"
train,P_P134N6_ddfacc04-1ad3-4d33-aa17-17a6d5d37887,system.00219_P_P134N6_ddfacc04-1ad3-4d33-aa17-17a6d5d37887,142,"N,P"
train,P_P134N6_df8cffd8-9f7c-4440-8b00-55c9855a256b,system.00220_P_P134N6_df8cffd8-9f7c-4440-8b00-55c9855a256b,124,"N,P"
train,P_P134N6_f49d38e2-e192-4630-bf86-69067535a1ea,system.00221_P_P134N6_f49d38e2-e192-4630-bf86-69067535a1ea,131,"N,P"
train,P_P134N7_02381019-d5d0-4d7d-b881-18b484da501e,system.00222_P_P134N7_02381019-d5d0-4d7d-b881-18b484da501e,200,"N,P"
train,P_P134N7_040fc94c-cd5e-4888-ab7e-e333732cff7f,system.00223_P_P134N7_040fc94c-cd5e-4888-ab7e-e333732cff7f,92,"N,P"
train,P_P134N7_1c3f1289-4dde-40af-838b-121846aecfd4,system.00224_P_P134N7_1c3f1289-4dde-40af-838b-121846aecfd4,115,"N,P"
train,P_P134N7_408b7e25-21f0-424a-b5ae-3a2bc97d7429,system.00225_P_P134N7_408b7e25-21f0-424a-b5ae-3a2bc97d7429,85,"N,P"
train,P_P134N7_4fc204c8-5fa7-4924-a8ce-d8049b4f8fe1,system.00226_P_P134N7_4fc204c8-5fa7-4924-a8ce-d8049b4f8fe1,123,"N,P"
train,P_P134N7_5c681082-42e5-4bc2-acf1-b232e2db46cc,system.00227_P_P134N7_5c681082-42e5-4bc2-acf1-b232e2db46cc,124,"N,P"
train,P_P134N7_7fd36a51-a310-4951-a0a5-8764590b96af,system.00228_P_P134N7_7fd36a51-a310-4951-a0a5-8764590b96af,130,"N,P"
train,P_P134N7_8ff501f0-ae56-4896-8503-ce388fa1a3d3,system.00229_P_P134N7_8ff501f0-ae56-4896-8503-ce388fa1a3d3,166,"N,P"
train,P_P134N7_af75a6dc-efbb-4d85-bed9-0d2a67f0de04,system.00230_P_P134N7_af75a6dc-efbb-4d85-bed9-0d2a67f0de04,186,"N,P"
train,P_P134N7_b7fc819a-e88b-4ba3-bee1-6524c1a35842,system.00231_P_P134N7_b7fc819a-e88b-4ba3-bee1-6524c1a35842,132,"N,P"
train,P_P134N7_ba8055c9-84af-487a-8205-307dc5f954a5,system.00232_P_P134N7_ba8055c9-84af-487a-8205-307dc5f954a5,151,"N,P"
train,P_P134N7_f560ee56-a141-49ee-9a7f-f34f7e99a2e5,system.00233_P_P134N7_f560ee56-a141-49ee-9a7f-f34f7e99a2e5,124,"N,P"
train,P_P134N8_2ffd6ca1-fb18-4077-9a35-fe1b0c31d1f9,system.00234_P_P134N8_2ffd6ca1-fb18-4077-9a35-fe1b0c31d1f9,170,"N,P"
train,P_P134N8_6e157880-fca5-4f07-9385-6575dfeed892,system.00235_P_P134N8_6e157880-fca5-4f07-9385-6575dfeed892,98,"N,P"
train,P_P134N8_734e82b4-bec2-4969-a332-7cb2f9972f37,system.00236_P_P134N8_734e82b4-bec2-4969-a332-7cb2f9972f37,145,"N,P"
train,P_P134N8_7d0f0dba-f643-4814-a7f7-d75dc3186f5a,system.00237_P_P134N8_7d0f0dba-f643-4814-a7f7-d75dc3186f5a,186,"N,P"
train,P_P134N8_a97435be-b765-4385-9fc5-a6b25d984811,system.00238_P_P134N8_a97435be-b765-4385-9fc5-a6b25d984811,200,"N,P"
train,P_P134N8_ed83894b-9caf-418b-89c6-c9d163acc79f,system.00239_P_P134N8_ed83894b-9caf-418b-89c6-c9d163acc79f,89,"N,P"
train,P_P134N9_fda88fe1-afe4-4c5d-a409-454f60e489ae,system.00240_P_P134N9_fda88fe1-afe4-4c5d-a409-454f60e489ae,84,"N,P"
train,P_P137N1_87eff9d6-e456-4871-9f93-6127e68a435d,system.00241_P_P137N1_87eff9d6-e456-4871-9f93-6127e68a435d,110,"N,P"
train,P_P137N1_c35bab9c-c90b-4db7-852d-bc1539029f7a,system.00242_P_P137N1_c35bab9c-c90b-4db7-852d-bc1539029f7a,139,"N,P"
train,P_P137N1_e393d1b7-ad39-404b-8cfc-fe1b3d5c7767,system.00243_P_P137N1_e393d1b7-ad39-404b-8cfc-fe1b3d5c7767,155,"N,P"
train,P_P137N1_fb22dc6d-9420-4205-a6a5-244e4c826407,system.00244_P_P137N1_fb22dc6d-9420-4205-a6a5-244e4c826407,130,"N,P"
train,P_P137N2_0614bca2-4112-4136-9c58-c168ef04c53b,system.00245_P_P137N2_0614bca2-4112-4136-9c58-c168ef04c53b,103,"N,P"
train,P_P137N2_27a3d97f-c60d-43b7-8020-27c44e8190d6,system.00246_P_P137N2_27a3d97f-c60d-43b7-8020-27c44e8190d6,167,"N,P"
train,P_P137N2_4a1dfd64-7e9d-499a-acd5-a778c137fb55,system.00247_P_P137N2_4a1dfd64-7e9d-499a-acd5-a778c137fb55,128,"N,P"
train,P_P137N2_4d8c34c3-2ad8-4ebf-916a-14524e61569d,system.00248_P_P137N2_4d8c34c3-2ad8-4ebf-916a-14524e61569d,115,"N,P"
train,P_P137N2_6907ea49-0e60-4841-b013-5894e34bf88a,system.00249_P_P137N2_6907ea49-0e60-4841-b013-5894e34bf88a,146,"N,P"
train,P_P137N2_8144e336-4080-442c-b2f3-362f8a9ac509,system.00250_P_P137N2_8144e336-4080-442c-b2f3-362f8a9ac509,165,"N,P"
train,P_P137N2_862356c3-d070-4f77-882c-4ba37debe14c,system.00251_P_P137N2_862356c3-d070-4f77-882c-4ba37debe14c,127,"N,P"
train,P_P137N2_aad53440-3b76-426e-86f1-2236f98d3e43,system.00252_P_P137N2_aad53440-3b76-426e-86f1-2236f98d3e43,172,"N,P"
train,P_P137N2_bc68362b-2933-4b83-a16f-e13db07be34f,system.00253_P_P137N2_bc68362b-2933-4b83-a16f-e13db07be34f,200,"N,P"
train,P_P137N2_c936beff-ae7b-4ee9-9b38-1d7d0702ae01,system.00254_P_P137N2_c936beff-ae7b-4ee9-9b38-1d7d0702ae01,119,"N,P"
train,P_P137N2_ce428a41-48c5-4b12-a52e-f5ac8d9bda00,system.00255_P_P137N2_ce428a41-48c5-4b12-a52e-f5ac8d9bda00,146,"N,P"
train,P_P137N2_dce522f0-e6d7-4f11-9ff1-0b62a1b39346,system.00256_P_P137N2_dce522f0-e6d7-4f11-9ff1-0b62a1b39346,200,"N,P"
train,P_P137N2_f7041a57-205f-43c6-a02d-0e6cc05dbdb4,system.00257_P_P137N2_f7041a57-205f-43c6-a02d-0e6cc05dbdb4,158,"N,P"
train,P_P137N2_f73f4fd9-4f08-4c31-8f18-4dd41ce90be8,system.00258_P_P137N2_f73f4fd9-4f08-4c31-8f18-4dd41ce90be8,143,"N,P"
train,P_P137N3_3bf7bdab-9467-4eba-9d3e-dcc4aec17939,system.00259_P_P137N3_3bf7bdab-9467-4eba-9d3e-dcc4aec17939,200,"N,P"
train,P_P137N3_3ed80fe8-f19f-40bd-9e99-8575a2eb5cfa,system.00260_P_P137N3_3ed80fe8-f19f-40bd-9e99-8575a2eb5cfa,186,"N,P"
train,P_P137N3_54ce393d-7973-471e-9ba0-f0f662413b26,system.00261_P_P137N3_54ce393d-7973-471e-9ba0-f0f662413b26,153,"N,P"
train,P_P137N3_593706db-4f9f-4acc-b2e0-9c2fb11b498f,system.00262_P_P137N3_593706db-4f9f-4acc-b2e0-9c2fb11b498f,200,"N,P"
train,P_P137N3_5d7a9374-4632-43f3-b5e8-a64872e7c817,system.00263_P_P137N3_5d7a9374-4632-43f3-b5e8-a64872e7c817,104,"N,P"
train,P_P137N3_8223e344-7c6b-4645-8893-a61e95237d84,system.00264_P_P137N3_8223e344-7c6b-4645-8893-a61e95237d84,105,"N,P"
train,P_P137N3_99e88140-31cf-42ed-96cf-4e5c744f9f6a,system.00265_P_P137N3_99e88140-31cf-42ed-96cf-4e5c744f9f6a,121,"N,P"
train,P_P137N3_a394036d-f70e-435e-a2c8-325b3674a4d9,system.00266_P_P137N3_a394036d-f70e-435e-a2c8-325b3674a4d9,200,"N,P"
train,P_P137N3_b0770001-393a-4760-82d3-3e2a703933ec,system.00267_P_P137N3_b0770001-393a-4760-82d3-3e2a703933ec,136,"N,P"
train,P_P137N3_b6a1be42-2896-4599-abf6-f1447c852b9a,system.00268_P_P137N3_b6a1be42-2896-4599-abf6-f1447c852b9a,200,"N,P"
train,P_P137N3_cb02cd7a-05e0-4189-82ee-cd268f655081,system.00269_P_P137N3_cb02cd7a-05e0-4189-82ee-cd268f655081,198,"N,P"
train,P_P137N3_cb9a5369-d2e8-41c5-976a-bd149ee360f2,system.00270_P_P137N3_cb9a5369-d2e8-41c5-976a-bd149ee360f2,146,"N,P"
train,P_P137N3_d2806710-f20c-4508-967a-e760a2350b5e,system.00271_P_P137N3_d2806710-f20c-4508-967a-e760a2350b5e,120,"N,P"
train,P_P137N3_d37ce590-09f2-435c-bdb3-fef947d3a8d1,system.00272_P_P137N3_d37ce590-09f2-435c-bdb3-fef947d3a8d1,147,"N,P"
train,P_P137N3_d847b49d-2b80-4052-9553-7a73cc0deb9c,system.00273_P_P137N3_d847b49d-2b80-4052-9553-7a73cc0deb9c,107,"N,P"
train,P_P137N3_d8bb5ac7-d807-4f2b-88f6-8b171bfe8850,system.00274_P_P137N3_d8bb5ac7-d807-4f2b-88f6-8b171bfe8850,119,"N,P"
train,P_P137N3_e4f575e6-b42d-4564-81db-8f036f87fa9e,system.00275_P_P137N3_e4f575e6-b42d-4564-81db-8f036f87fa9e,79,"N,P"
train,P_P137N3_ef7c3940-76bf-4340-8c6f-62bbf3ab9969,system.00276_P_P137N3_ef7c3940-76bf-4340-8c6f-62bbf3ab9969,165,"N,P"
train,P_P137N3_f7a7fe1e-05bb-4b37-a4e0-94578dbdf508,system.00277_P_P137N3_f7a7fe1e-05bb-4b37-a4e0-94578dbdf508,110,"N,P"
train,P_P137N4_04a6c54d-fdcf-457b-a041-6345740eb494,system.00278_P_P137N4_04a6c54d-fdcf-457b-a041-6345740eb494,159,"N,P"
train,P_P137N4_135e9e55-91a1-4c0e-bcbc-e8552d1f2ae2,system.00279_P_P137N4_135e9e55-91a1-4c0e-bcbc-e8552d1f2ae2,200,"N,P"
train,P_P137N4_25cebdb4-20bd-4196-9cbc-1a0232f91e58,system.00280_P_P137N4_25cebdb4-20bd-4196-9cbc-1a0232f91e58,194,"N,P"
train,P_P137N4_3904a9b6-3627-4562-8220-8af78f431b6c,system.00281_P_P137N4_3904a9b6-3627-4562-8220-8af78f431b6c,118,"N,P"
train,P_P137N4_3dcead56-4e5a-4b78-8f89-10193b208b2d,system.00282_P_P137N4_3dcead56-4e5a-4b78-8f89-10193b208b2d,123,"N,P"
train,P_P137N4_45f18f50-3411-4635-a490-87621b74004d,system.00283_P_P137N4_45f18f50-3411-4635-a490-87621b74004d,114,"N,P"
train,P_P137N4_48cbff8f-137f-4e9e-9047-75789dc53402,system.00284_P_P137N4_48cbff8f-137f-4e9e-9047-75789dc53402,160,"N,P"
train,P_P137N4_6112b49f-2026-4ddf-ab15-6deb6596ec9c,system.00285_P_P137N4_6112b49f-2026-4ddf-ab15-6deb6596ec9c,93,"N,P"
train,P_P137N4_69eea3f5-821b-4a4e-a7f8-7d712a926a5b,system.00286_P_P137N4_69eea3f5-821b-4a4e-a7f8-7d712a926a5b,200,"N,P"
train,P_P137N4_6fc50b2e-fc19-445d-b736-23c9c1ca2981,system.00287_P_P137N4_6fc50b2e-fc19-445d-b736-23c9c1ca2981,185,"N,P"
train,P_P137N4_75682765-03e7-4858-9f32-c42202c85a99,system.00288_P_P137N4_75682765-03e7-4858-9f32-c42202c85a99,184,"N,P"
train,P_P137N4_79b6ab5c-3014-4971-9b96-aba26c1aeb85,system.00289_P_P137N4_79b6ab5c-3014-4971-9b96-aba26c1aeb85,106,"N,P"
train,P_P137N4_816ebace-e8d4-40a5-8840-40d844b756a8,system.00290_P_P137N4_816ebace-e8d4-40a5-8840-40d844b756a8,134,"N,P"
train,P_P137N4_87fc71c1-163c-4860-ad4d-f8deb6aa2bdf,system.00291_P_P137N4_87fc71c1-163c-4860-ad4d-f8deb6aa2bdf,200,"N,P"
train,P_P137N4_aba1f3cb-7561-48ab-a680-955dadd8aff4,system.00292_P_P137N4_aba1f3cb-7561-48ab-a680-955dadd8aff4,110,"N,P"
train,P_P137N4_b6921c41-11fa-4638-a0f7-d20281b453ba,system.00293_P_P137N4_b6921c41-11fa-4638-a0f7-d20281b453ba,107,"N,P"
train,P_P137N4_b958fce9-f0b8-4819-b85f-eeb4809514a1,system.00294_P_P137N4_b958fce9-f0b8-4819-b85f-eeb4809514a1,137,"N,P"
train,P_P137N4_bc856342-ae65-4e24-931f-eaab57557646,system.00295_P_P137N4_bc856342-ae65-4e24-931f-eaab57557646,103,"N,P"
train,P_P137N4_dd09ae5b-5741-427f-9f2f-06c66aea79d6,system.00296_P_P137N4_dd09ae5b-5741-427f-9f2f-06c66aea79d6,95,"N,P"
train,P_P137N4_e8b9ed0e-efc7-4dbe-b6ed-d5ef80a1e5bf,system.00297_P_P137N4_e8b9ed0e-efc7-4dbe-b6ed-d5ef80a1e5bf,85,"N,P"
train,P_P137N4_fc5ec95a-5e62-430b-9f2d-b31bf504f60d,system.00298_P_P137N4_fc5ec95a-5e62-430b-9f2d-b31bf504f60d,126,"N,P"
train,P_P137N4_fdfb3e17-3c2f-46aa-acba-6e3ccfba43d6,system.00299_P_P137N4_fdfb3e17-3c2f-46aa-acba-6e3ccfba43d6,131,"N,P"
train,P_P137N5_006f3989-8249-47a3-b0a1-cfce4bb48923,system.00300_P_P137N5_006f3989-8249-47a3-b0a1-cfce4bb48923,200,"N,P"
train,P_P137N5_05381aa2-cdbb-45f0-8310-e43bd8a4aeae,system.00301_P_P137N5_05381aa2-cdbb-45f0-8310-e43bd8a4aeae,100,"N,P"
train,P_P137N5_06e656eb-7795-4fda-9d25-007c19b32527,system.00302_P_P137N5_06e656eb-7795-4fda-9d25-007c19b32527,91,"N,P"
train,P_P137N5_2196bc90-7bd5-4062-a293-039358e543ee,system.00303_P_P137N5_2196bc90-7bd5-4062-a293-039358e543ee,124,"N,P"
train,P_P137N5_36c19875-7d34-443a-8891-089717d0a176,system.00304_P_P137N5_36c19875-7d34-443a-8891-089717d0a176,152,"N,P"
train,P_P137N5_40d7c9d1-4f37-4b6b-95cc-ee6219367db3,system.00305_P_P137N5_40d7c9d1-4f37-4b6b-95cc-ee6219367db3,99,"N,P"
train,P_P137N5_415e74c5-4995-4a68-a6a9-0a5cecb41573,system.00306_P_P137N5_415e74c5-4995-4a68-a6a9-0a5cecb41573,157,"N,P"
train,P_P137N5_45a9746a-48b3-4d58-a67e-b61c699017c3,system.00307_P_P137N5_45a9746a-48b3-4d58-a67e-b61c699017c3,89,"N,P"
train,P_P137N5_4d202fbd-a289-4234-a0e7-9a54f3680bd8,system.00308_P_P137N5_4d202fbd-a289-4234-a0e7-9a54f3680bd8,114,"N,P"
train,P_P137N5_6fc85a7c-d8ff-4e0c-b1d8-287d3ef7dcde,system.00309_P_P137N5_6fc85a7c-d8ff-4e0c-b1d8-287d3ef7dcde,87,"N,P"
train,P_P137N5_74427461-f671-4ced-b5cd-ced9d50cd259,system.00310_P_P137N5_74427461-f671-4ced-b5cd-ced9d50cd259,147,"N,P"
train,P_P137N5_a222418f-529e-48d7-a06b-d0dbfb5ce22c,system.00311_P_P137N5_a222418f-529e-48d7-a06b-d0dbfb5ce22c,109,"N,P"
train,P_P137N5_a5a1a6a1-16ea-4918-9a4d-e1c39b75bf01,system.00312_P_P137N5_a5a1a6a1-16ea-4918-9a4d-e1c39b75bf01,139,"N,P"
train,P_P137N5_ae9ec94c-b37c-4051-b67d-a45e48fef13a,system.00313_P_P137N5_ae9ec94c-b37c-4051-b67d-a45e48fef13a,200,"N,P"
train,P_P137N5_bbf5bad7-0099-4585-b8ee-adecb0c032e9,system.00314_P_P137N5_bbf5bad7-0099-4585-b8ee-adecb0c032e9,101,"N,P"
train,P_P137N5_cc69cc56-5c43-41a4-aa3e-40a43b7f7bcf,system.00315_P_P137N5_cc69cc56-5c43-41a4-aa3e-40a43b7f7bcf,111,"N,P"
train,P_P137N6_12e00639-d302-4525-be7c-02ffadbf43d7,system.00316_P_P137N6_12e00639-d302-4525-be7c-02ffadbf43d7,142,"N,P"
train,P_P137N6_8d6dd065-c6f1-4c88-9757-99a0a9cebae4,system.00317_P_P137N6_8d6dd065-c6f1-4c88-9757-99a0a9cebae4,105,"N,P"
train,P_P137N6_c0015495-ea6c-4988-9478-0ff9419acec7,system.00318_P_P137N6_c0015495-ea6c-4988-9478-0ff9419acec7,89,"N,P"
train,P_P137N6_f90d2bb8-cdbd-4e27-91b7-f9c8cb9d4840,system.00319_P_P137N6_f90d2bb8-cdbd-4e27-91b7-f9c8cb9d4840,108,"N,P"
train,P_P137N7_fb85ca31-7916-4501-80dc-bb6113a97ae1,system.00320_P_P137N7_fb85ca31-7916-4501-80dc-bb6113a97ae1,84,"N,P"
train,P_P137_065287f6-9bbd-4c7b-82fc-e71e90df7a1c,system.00321_P_P137_065287f6-9bbd-4c7b-82fc-e71e90df7a1c,116,"N,P"
train,P_P137_accbc2ee-96eb-43b9-8340-bd9a206de692,system.00322_P_P137_accbc2ee-96eb-43b9-8340-bd9a206de692,140,"N,P"
train,P_P141N1_01bbc325-f6d9-4b60-aff4-5922339c9f86,system.00323_P_P141N1_01bbc325-f6d9-4b60-aff4-5922339c9f86,127,"N,P"
train,P_P141N1_0f9605a1-adb2-4cab-a10d-a3da9f6a6ef4,system.00324_P_P141N1_0f9605a1-adb2-4cab-a10d-a3da9f6a6ef4,138,"N,P"
train,P_P141N1_109c9551-eb9e-47b7-aa59-68e89709a432,system.00325_P_P141N1_109c9551-eb9e-47b7-aa59-68e89709a432,98,"N,P"
train,P_P141N1_163caa61-5499-4b25-8340-fda78dde7860,system.00326_P_P141N1_163caa61-5499-4b25-8340-fda78dde7860,200,"N,P"
train,P_P141N1_1af2b028-736b-48ca-87f2-5c752d827d08,system.00327_P_P141N1_1af2b028-736b-48ca-87f2-5c752d827d08,149,"N,P"
train,P_P141N1_2234ee2a-46f8-4f6b-9f5c-8bedf7031556,system.00328_P_P141N1_2234ee2a-46f8-4f6b-9f5c-8bedf7031556,151,"N,P"
train,P_P141N1_25980aaa-7c92-4283-b0ee-c686066ea476,system.00329_P_P141N1_25980aaa-7c92-4283-b0ee-c686066ea476,116,"N,P"
train,P_P141N1_25d8f6eb-aebf-4169-b4c4-c0bdd88c8e08,system.00330_P_P141N1_25d8f6eb-aebf-4169-b4c4-c0bdd88c8e08,99,"N,P"
train,P_P141N1_25e974fc-6710-4e7b-9e9b-a454cfbc0662,system.00331_P_P141N1_25e974fc-6710-4e7b-9e9b-a454cfbc0662,111,"N,P"
train,P_P141N1_2a285334-f6b0-498c-bb4a-788bfd4af4a6,system.00332_P_P141N1_2a285334-f6b0-498c-bb4a-788bfd4af4a6,125,"N,P"
train,P_P141N1_2a5c238a-f320-4c80-a986-95192dc44d0e,system.00333_P_P141N1_2a5c238a-f320-4c80-a986-95192dc44d0e,121,"N,P"
train,P_P141N1_335774b0-1fb6-4a37-8514-fb4b89b7d8f7,system.00334_P_P141N1_335774b0-1fb6-4a37-8514-fb4b89b7d8f7,190,"N,P"
train,P_P141N1_3403a2e7-4573-4feb-8789-743249e131e6,system.00335_P_P141N1_3403a2e7-4573-4feb-8789-743249e131e6,108,"N,P"
train,P_P141N1_3a92e1e4-1bff-4be5-b1ca-44fc78809e56,system.00336_P_P141N1_3a92e1e4-1bff-4be5-b1ca-44fc78809e56,108,"N,P"
train,P_P141N1_3d43e175-248f-4b7f-b29f-8ef2d334a78b,system.00337_P_P141N1_3d43e175-248f-4b7f-b29f-8ef2d334a78b,76,"N,P"
train,P_P141N1_58ab206a-fb55-47e7-9b8f-9c0b53556a57,system.00338_P_P141N1_58ab206a-fb55-47e7-9b8f-9c0b53556a57,162,"N,P"
train,P_P141N1_5b070561-0a88-4c46-9f0e-27ae72550efc,system.00339_P_P141N1_5b070561-0a88-4c46-9f0e-27ae72550efc,89,"N,P"
train,P_P141N1_611c9cde-fd59-4457-848e-f1a2839856c6,system.00340_P_P141N1_611c9cde-fd59-4457-848e-f1a2839856c6,121,"N,P"
train,P_P141N1_61d9a91f-1003-49e6-8021-c94337b2ac08,system.00341_P_P141N1_61d9a91f-1003-49e6-8021-c94337b2ac08,200,"N,P"
train,P_P141N1_64f2c31f-7207-4897-9877-60187bcb87d4,system.00342_P_P141N1_64f2c31f-7207-4897-9877-60187bcb87d4,119,"N,P"
train,P_P141N1_662448b0-f7fc-407d-904b-487019da347d,system.00343_P_P141N1_662448b0-f7fc-407d-904b-487019da347d,133,"N,P"
train,P_P141N1_75f54b62-04bb-4b0b-8b9a-93b7bd83349f,system.00344_P_P141N1_75f54b62-04bb-4b0b-8b9a-93b7bd83349f,91,"N,P"
train,P_P141N1_76942033-f334-4500-8066-bd98863415b8,system.00345_P_P141N1_76942033-f334-4500-8066-bd98863415b8,127,"N,P"
train,P_P141N1_83df32c2-423d-4073-872b-6937e8570b22,system.00346_P_P141N1_83df32c2-423d-4073-872b-6937e8570b22,108,"N,P"
train,P_P141N1_83e22768-a32d-4dfd-b6d4-d36d944578e2,system.00347_P_P141N1_83e22768-a32d-4dfd-b6d4-d36d944578e2,98,"N,P"
train,P_P141N1_a2518086-01e9-4fcf-aed5-1a87ef7bf64c,system.00348_P_P141N1_a2518086-01e9-4fcf-aed5-1a87ef7bf64c,139,"N,P"
train,P_P141N1_a8b4323a-d54e-49a6-a0bc-553a46cb3529,system.00349_P_P141N1_a8b4323a-d54e-49a6-a0bc-553a46cb3529,164,"N,P"
train,P_P141N1_a8b6294f-6248-467b-a074-023f9c77ae15,system.00350_P_P141N1_a8b6294f-6248-467b-a074-023f9c77ae15,127,"N,P"
train,P_P141N1_b24b667b-7856-42ba-8225-6489a3efe6f2,system.00351_P_P141N1_b24b667b-7856-42ba-8225-6489a3efe6f2,103,"N,P"
train,P_P141N1_b3c76831-5b66-4cc1-9b39-9529c0600544,system.00352_P_P141N1_b3c76831-5b66-4cc1-9b39-9529c0600544,123,"N,P"
train,P_P141N1_b77b754c-44b4-4ed4-b9db-93b14660f000,system.00353_P_P141N1_b77b754c-44b4-4ed4-b9db-93b14660f000,166,"N,P"
train,P_P141N1_c235f70d-9130-48b0-a8b8-0f86e06d25fc,system.00354_P_P141N1_c235f70d-9130-48b0-a8b8-0f86e06d25fc,113,"N,P"
train,P_P141N1_c26dc204-fc9b-4cf9-bcf3-43030fc26fdb,system.00355_P_P141N1_c26dc204-fc9b-4cf9-bcf3-43030fc26fdb,200,"N,P"
train,P_P141N1_cb33545b-b49e-4146-a875-355a485da47b,system.00356_P_P141N1_cb33545b-b49e-4146-a875-355a485da47b,109,"N,P"
train,P_P141N1_dd6a5668-efc9-4f4c-aee8-ac3472eaf09f,system.00357_P_P141N1_dd6a5668-efc9-4f4c-aee8-ac3472eaf09f,140,"N,P"
train,P_P141N1_eb47fe64-efcc-49f9-b48e-f16d526947e6,system.00358_P_P141N1_eb47fe64-efcc-49f9-b48e-f16d526947e6,121,"N,P"
train,P_P141N1_f0b75ece-03f7-46c2-8bc0-1973294e096d,system.00359_P_P141N1_f0b75ece-03f7-46c2-8bc0-1973294e096d,132,"N,P"
train,P_P141N1_f7a69d73-2e7b-49df-8524-162f1099b656,system.00360_P_P141N1_f7a69d73-2e7b-49df-8524-162f1099b656,102,"N,P"
train,P_P141N1_f7df6470-19d5-4760-9456-203d83217874,system.00361_P_P141N1_f7df6470-19d5-4760-9456-203d83217874,119,"N,P"
train,P_P141N1_fbf1d7b8-dd1d-4f2f-8aff-7fd912b6f38f,system.00362_P_P141N1_fbf1d7b8-dd1d-4f2f-8aff-7fd912b6f38f,168,"N,P"
train,P_P141N2_04a33e23-f383-47b2-b718-95ea4993e1f6,system.00363_P_P141N2_04a33e23-f383-47b2-b718-95ea4993e1f6,91,"N,P"
train,P_P141N2_14c141e4-b42a-493f-a636-8ab7ac395859,system.00364_P_P141N2_14c141e4-b42a-493f-a636-8ab7ac395859,94,"N,P"
train,P_P141N2_24cbcb02-7eee-4a28-a1ef-54efe7f6deec,system.00365_P_P141N2_24cbcb02-7eee-4a28-a1ef-54efe7f6deec,111,"N,P"
train,P_P141N2_25422909-d4d5-41c2-be6f-33292b1cfc51,system.00366_P_P141N2_25422909-d4d5-41c2-be6f-33292b1cfc51,126,"N,P"
train,P_P141N2_2bcc3573-eaa5-4efd-aff2-2e23e9e0712f,system.00367_P_P141N2_2bcc3573-eaa5-4efd-aff2-2e23e9e0712f,105,"N,P"
train,P_P141N2_2ea7bdd4-233f-4fac-bca7-25de4cc0ba19,system.00368_P_P141N2_2ea7bdd4-233f-4fac-bca7-25de4cc0ba19,95,"N,P"
train,P_P141N2_368bbf9c-11a7-4a8d-a6d1-f28cb59c5f7a,system.00369_P_P141N2_368bbf9c-11a7-4a8d-a6d1-f28cb59c5f7a,95,"N,P"
train,P_P141N2_574c0e5c-061c-473f-bfcb-58b534d4c04b,system.00370_P_P141N2_574c0e5c-061c-473f-bfcb-58b534d4c04b,176,"N,P"
train,P_P141N2_7d49fea3-c63c-4448-bfbd-4ec14fb288e9,system.00371_P_P141N2_7d49fea3-c63c-4448-bfbd-4ec14fb288e9,139,"N,P"
train,P_P141N2_880186a1-64fe-48b6-b506-bfe2f2f1b364,system.00372_P_P141N2_880186a1-64fe-48b6-b506-bfe2f2f1b364,109,"N,P"
train,P_P141N2_8bc5b068-9187-49d0-b1c1-ef962f5a249e,system.00373_P_P141N2_8bc5b068-9187-49d0-b1c1-ef962f5a249e,105,"N,P"
train,P_P141N2_9010bbf5-7deb-4e2c-aa1b-4501660eb72c,system.00374_P_P141N2_9010bbf5-7deb-4e2c-aa1b-4501660eb72c,122,"N,P"
train,P_P141N2_bc3aa07a-bc1b-41f5-944f-e64ef3d18307,system.00375_P_P141N2_bc3aa07a-bc1b-41f5-944f-e64ef3d18307,82,"N,P"
train,P_P141N2_bd3707fd-126e-42aa-81d6-dc4f1c33bd4c,system.00376_P_P141N2_bd3707fd-126e-42aa-81d6-dc4f1c33bd4c,102,"N,P"
train,P_P141N2_c32970f1-4e5a-41ad-99fa-7b438791d6a6,system.00377_P_P141N2_c32970f1-4e5a-41ad-99fa-7b438791d6a6,103,"N,P"
train,P_P141N2_d8ba1f38-49bb-4586-bf30-fa7ece740f3b,system.00378_P_P141N2_d8ba1f38-49bb-4586-bf30-fa7ece740f3b,111,"N,P"
train,P_P141N2_dea913b7-a19a-4708-9e9b-c6d71423f991,system.00379_P_P141N2_dea913b7-a19a-4708-9e9b-c6d71423f991,104,"N,P"
train,P_P141N2_e2c8d392-c69d-4805-bcb6-f4329e5d3569,system.00380_P_P141N2_e2c8d392-c69d-4805-bcb6-f4329e5d3569,106,"N,P"
train,P_P141N2_e43de1b1-88a6-41e1-815c-5f73d89009e9,system.00381_P_P141N2_e43de1b1-88a6-41e1-815c-5f73d89009e9,101,"N,P"
train,P_P141N2_ec4f42b1-4dda-49e5-bd0e-a29a817f844a,system.00382_P_P141N2_ec4f42b1-4dda-49e5-bd0e-a29a817f844a,85,"N,P"
train,P_P141N2_edb082e6-7c36-490f-890b-dcebdfc8fd01,system.00383_P_P141N2_edb082e6-7c36-490f-890b-dcebdfc8fd01,93,"N,P"
train,P_P141N2_f5146c04-9fdb-48e6-9e68-25fc39298d70,system.00384_P_P141N2_f5146c04-9fdb-48e6-9e68-25fc39298d70,162,"N,P"
train,P_P141N2_f8206bfb-ea13-472f-bc5a-e614528efe52,system.00385_P_P141N2_f8206bfb-ea13-472f-bc5a-e614528efe52,100,"N,P"
train,P_P141N3_031d7f98-cafb-4c11-a8c8-4f6b5627e515,system.00386_P_P141N3_031d7f98-cafb-4c11-a8c8-4f6b5627e515,63,"N,P"
train,P_P141N3_37434475-2e73-44f5-9518-bc7f77d1301c,system.00387_P_P141N3_37434475-2e73-44f5-9518-bc7f77d1301c,71,"N,P"
train,P_P141N3_9c81ac6e-5f07-49f4-8cab-2f62f253f177,system.00388_P_P141N3_9c81ac6e-5f07-49f4-8cab-2f62f253f177,74,"N,P"
train,P_P141N3_a1bea3f0-e862-4a09-9a87-9fc5ce376097,system.00389_P_P141N3_a1bea3f0-e862-4a09-9a87-9fc5ce376097,129,"N,P"
train,P_P141N3_d8496443-e7b8-4f5d-8e57-88eb1fbe38ff,system.00390_P_P141N3_d8496443-e7b8-4f5d-8e57-88eb1fbe38ff,84,"N,P"
train,P_P141N3_d93cbdf7-bf6d-4cab-90cd-f96e43732b07,system.00391_P_P141N3_d93cbdf7-bf6d-4cab-90cd-f96e43732b07,88,"N,P"
train,P_P141N3_fc942ccc-3244-4a56-ad44-d8387123e395,system.00392_P_P141N3_fc942ccc-3244-4a56-ad44-d8387123e395,78,"N,P"
train,P_P141_0315a297-d591-4160-9fd0-637aadf4ffb1,system.00393_P_P141_0315a297-d591-4160-9fd0-637aadf4ffb1,117,"N,P"
train,P_P141_129d1ff8-bfb4-4873-989c-36a5e8cbe7ae,system.00394_P_P141_129d1ff8-bfb4-4873-989c-36a5e8cbe7ae,109,"N,P"
train,P_P141_3316d674-3142-4744-aacb-4bbd4ff46387,system.00395_P_P141_3316d674-3142-4744-aacb-4bbd4ff46387,96,"N,P"
train,P_P141_6ddd5566-3820-4345-b25c-658be93f7d0c,system.00396_P_P141_6ddd5566-3820-4345-b25c-658be93f7d0c,110,"N,P"
train,P_P141_83d49210-0207-4b38-a572-a8a582451342,system.00397_P_P141_83d49210-0207-4b38-a572-a8a582451342,96,"N,P"
train,P_P141_83ddad39-bb28-4896-93f3-a97b8664304f,system.00398_P_P141_83ddad39-bb28-4896-93f3-a97b8664304f,133,"N,P"
train,P_P141_920f0c10-adc7-45fb-ab06-c91e7cd5fb8d,system.00399_P_P141_920f0c10-adc7-45fb-ab06-c91e7cd5fb8d,93,"N,P"
train,P_P141_9bd13c7e-f976-4a03-b23e-4c8e3ef39a40,system.00400_P_P141_9bd13c7e-f976-4a03-b23e-4c8e3ef39a40,196,"N,P"
train,P_P141_aa34213d-bce4-49ff-a97c-73d3daec8ffc,system.00401_P_P141_aa34213d-bce4-49ff-a97c-73d3daec8ffc,106,"N,P"
train,P_P141_ba5ccc1f-20c4-4f60-8eee-3d7536c3f3d2,system.00402_P_P141_ba5ccc1f-20c4-4f60-8eee-3d7536c3f3d2,166,"N,P"
train,P_P141_ca1f2bf6-6047-42a7-8ed6-287e8e33ea17,system.00403_P_P141_ca1f2bf6-6047-42a7-8ed6-287e8e33ea17,181,"N,P"
train,P_P141_fdacad83-a78b-4e2f-ae92-30991b6ba411,system.00404_P_P141_fdacad83-a78b-4e2f-ae92-30991b6ba411,114,"N,P"
val,P_P126N9_15ce4969-c812-4508-8e8b-8e608436cd0a,system.00000_P_P126N9_15ce4969-c812-4508-8e8b-8e608436cd0a,200,"N,P"
val,P_P126N9_3cdc2bac-baa7-4d7b-aeb2-d85674fd326b,system.00001_P_P126N9_3cdc2bac-baa7-4d7b-aeb2-d85674fd326b,200,"N,P"
val,P_P126N9_6dcf339c-6f79-438c-855a-1ee560d903ec,system.00002_P_P126N9_6dcf339c-6f79-438c-855a-1ee560d903ec,200,"N,P"
val,P_P126N9_92e3cf3a-2119-44b5-ac37-ddaebd361279,system.00003_P_P126N9_92e3cf3a-2119-44b5-ac37-ddaebd361279,186,"N,P"
val,P_P126N9_ab84f075-a2a5-4813-a654-eac8d1a824ad,system.00004_P_P126N9_ab84f075-a2a5-4813-a654-eac8d1a824ad,200,"N,P"
val,P_P126N9_abced2ad-8c61-4825-9b25-e5ff92ad6b6f,system.00005_P_P126N9_abced2ad-8c61-4825-9b25-e5ff92ad6b6f,200,"N,P"
val,P_P126N9_b34783d7-2566-4e43-ab6b-ea223bb87b98,system.00006_P_P126N9_b34783d7-2566-4e43-ab6b-ea223bb87b98,195,"N,P"
val,P_P126N9_c17d1f02-c3ec-411c-9918-7f513402d117,system.00007_P_P126N9_c17d1f02-c3ec-411c-9918-7f513402d117,200,"N,P"
val,P_P130N6_0344baa9-3c0e-4335-b081-f2b8fc5814ff,system.00008_P_P130N6_0344baa9-3c0e-4335-b081-f2b8fc5814ff,200,"N,P"
val,P_P130N6_069edc97-55b9-4d15-979d-c70a3e435e35,system.00009_P_P130N6_069edc97-55b9-4d15-979d-c70a3e435e35,151,"N,P"
val,P_P130N6_0d633713-96c7-4680-a937-c42cfffc14a7,system.00010_P_P130N6_0d633713-96c7-4680-a937-c42cfffc14a7,200,"N,P"
val,P_P130N6_2a9e4cb0-7871-474d-9a95-90f7718a73c0,system.00011_P_P130N6_2a9e4cb0-7871-474d-9a95-90f7718a73c0,200,"N,P"
val,P_P130N7_500b7dde-9e70-48b6-bec9-192853aa0641,system.00012_P_P130N7_500b7dde-9e70-48b6-bec9-192853aa0641,200,"N,P"
val,P_P130N7_65d6b707-d576-4e00-9b6b-a2ac70bdb107,system.00013_P_P130N7_65d6b707-d576-4e00-9b6b-a2ac70bdb107,168,"N,P"
val,P_P130N7_b4a015b4-3fc5-4d97-b808-747104c6a144,system.00014_P_P130N7_b4a015b4-3fc5-4d97-b808-747104c6a144,200,"N,P"
val,P_P130N7_db1f83c1-a7fd-4d3f-8e88-008f925c4567,system.00015_P_P130N7_db1f83c1-a7fd-4d3f-8e88-008f925c4567,200,"N,P"
val,P_P130N8_49a6bdfb-57fb-4de6-b76e-c808ec013647,system.00016_P_P130N8_49a6bdfb-57fb-4de6-b76e-c808ec013647,164,"N,P"
val,P_P130N8_7be5e4fd-b3c6-4971-be20-b6e867dea66e,system.00017_P_P130N8_7be5e4fd-b3c6-4971-be20-b6e867dea66e,145,"N,P"
val,P_P130N8_b7cd3fbb-0cce-4e9e-847a-c0d906ae51ac,system.00018_P_P130N8_b7cd3fbb-0cce-4e9e-847a-c0d906ae51ac,200,"N,P"
val,P_P130N9_1cc12641-fe8e-4de7-b0d4-033e2afb0835,system.00019_P_P130N9_1cc12641-fe8e-4de7-b0d4-033e2afb0835,200,"N,P"
val,P_P130N9_bb15c85b-afad-47ab-86be-6fbab1c3264b,system.00020_P_P130N9_bb15c85b-afad-47ab-86be-6fbab1c3264b,200,"N,P"
val,P_P134N3_4fc5e85d-3efc-44ae-ae01-4e490ac4a659,system.00021_P_P134N3_4fc5e85d-3efc-44ae-ae01-4e490ac4a659,117,"N,P"
val,P_P134N4_40fd86f6-a77c-4924-a5af-01b02ef8973a,system.00022_P_P134N4_40fd86f6-a77c-4924-a5af-01b02ef8973a,131,"N,P"
val,P_P134N5_8a956711-e5f7-4e40-bf43-f3eead7e2650,system.00023_P_P134N5_8a956711-e5f7-4e40-bf43-f3eead7e2650,128,"N,P"
val,P_P134N6_2920bc67-f10b-4f30-89e0-d56a14de5e16,system.00024_P_P134N6_2920bc67-f10b-4f30-89e0-d56a14de5e16,200,"N,P"
val,P_P134N6_365a18c8-53a4-4b5f-abda-0c487f036b94,system.00025_P_P134N6_365a18c8-53a4-4b5f-abda-0c487f036b94,119,"N,P"
val,P_P134N6_6d560aaa-09ea-47a0-b8e5-2f51affd6650,system.00026_P_P134N6_6d560aaa-09ea-47a0-b8e5-2f51affd6650,186,"N,P"
val,P_P134N6_9da86eec-5598-446e-8969-df136523391d,system.00027_P_P134N6_9da86eec-5598-446e-8969-df136523391d,142,"N,P"
val,P_P134N6_a6b45668-5d73-402a-a930-bed430880c8c,system.00028_P_P134N6_a6b45668-5d73-402a-a930-bed430880c8c,157,"N,P"
val,P_P134N6_d44d6b1b-afde-4b55-b705-eecde5fd12f5,system.00029_P_P134N6_d44d6b1b-afde-4b55-b705-eecde5fd12f5,109,"N,P"
val,P_P137N3_b5d74288-e5c7-4ddd-8244-52ce98f90fe9,system.00030_P_P137N3_b5d74288-e5c7-4ddd-8244-52ce98f90fe9,105,"N,P"
val,P_P137N4_24b7ffaf-f846-45f9-a439-b45195323ccf,system.00031_P_P137N4_24b7ffaf-f846-45f9-a439-b45195323ccf,112,"N,P"
val,P_P137N4_589fbb64-0896-4d7b-a7e1-ccdbd331d6b2,system.00032_P_P137N4_589fbb64-0896-4d7b-a7e1-ccdbd331d6b2,123,"N,P"
val,P_P137N4_78d06775-b86b-457c-a6a6-4c0fb52c0c00,system.00033_P_P137N4_78d06775-b86b-457c-a6a6-4c0fb52c0c00,177,"N,P"
val,P_P137N5_5c3d78bd-e423-4753-88da-7d86f4e1b1aa,system.00034_P_P137N5_5c3d78bd-e423-4753-88da-7d86f4e1b1aa,119,"N,P"
val,P_P137N5_70e7b9d7-547e-4074-8308-96d3210ddaee,system.00035_P_P137N5_70e7b9d7-547e-4074-8308-96d3210ddaee,200,"N,P"
val,P_P137N5_b9f572f6-66a3-4b07-a56e-0a741399944b,system.00036_P_P137N5_b9f572f6-66a3-4b07-a56e-0a741399944b,115,"N,P"
val,P_P141N1_2ba80edc-221d-4ee2-8fcd-e1841b61edd9,system.00037_P_P141N1_2ba80edc-221d-4ee2-8fcd-e1841b61edd9,98,"N,P"
val,P_P141N1_96995dae-53f3-4495-a5e5-328dcb677907,system.00038_P_P141N1_96995dae-53f3-4495-a5e5-328dcb677907,109,"N,P"
val,P_P141N1_af730d2e-7790-46db-8751-75e46bf49b68,system.00039_P_P141N1_af730d2e-7790-46db-8751-75e46bf49b68,109,"N,P"
val,P_P141N1_d4622668-2c1a-46f9-b5c5-0d35dbb840a2,system.00040_P_P141N1_d4622668-2c1a-46f9-b5c5-0d35dbb840a2,111,"N,P"
val,P_P141N2_5f8e17bc-97e0-4872-8b06-98007f420613,system.00041_P_P141N2_5f8e17bc-97e0-4872-8b06-98007f420613,111,"N,P"
val,P_P141N3_59dd99bf-b3b9-4448-8b93-4f3453089860,system.00042_P_P141N3_59dd99bf-b3b9-4448-8b93-4f3453089860,113,"N,P"
val,P_P141N3_e17eb7ad-6a10-43c1-b2e1-9542879863e7,system.00043_P_P141N3_e17eb7ad-6a10-43c1-b2e1-9542879863e7,74,"N,P"
val,P_P141_d0a3022b-819b-40a6-a751-95a842e0b766,system.00044_P_P141_d0a3022b-819b-40a6-a751-95a842e0b766,167,"N,P"
test,P_P126N9_4857f4db-c231-4413-ae85-3ebc41741bcc,system.00000_P_P126N9_4857f4db-c231-4413-ae85-3ebc41741bcc,200,"N,P"
test,P_P126N9_72625443-b1e7-46d4-ae25-d5d00e84ff62,system.00001_P_P126N9_72625443-b1e7-46d4-ae25-d5d00e84ff62,200,"N,P"
test,P_P126N9_99e52c62-7004-4c8b-8dc2-23541285b4c4,system.00002_P_P126N9_99e52c62-7004-4c8b-8dc2-23541285b4c4,200,"N,P"
test,P_P126N9_e0754269-d136-48fc-b413-c67e15d0c3cf,system.00003_P_P126N9_e0754269-d136-48fc-b413-c67e15d0c3cf,200,"N,P"
test,P_P126N9_ecb3b163-ce50-404d-9fcf-cb7eeacaa170,system.00004_P_P126N9_ecb3b163-ce50-404d-9fcf-cb7eeacaa170,200,"N,P"
test,P_P126N9_f83295f4-ef27-40c7-a9f8-1ba8f32138c5,system.00005_P_P126N9_f83295f4-ef27-40c7-a9f8-1ba8f32138c5,200,"N,P"
test,P_P130N5_215544be-bf9c-449d-8483-f0a975ef4feb,system.00006_P_P130N5_215544be-bf9c-449d-8483-f0a975ef4feb,193,"N,P"
test,P_P130N5_2d2edeb9-0215-4da6-873c-d39a5a44fe39,system.00007_P_P130N5_2d2edeb9-0215-4da6-873c-d39a5a44fe39,142,"N,P"
test,P_P130N5_73b92a80-edba-4628-aa33-53087cf4717d,system.00008_P_P130N5_73b92a80-edba-4628-aa33-53087cf4717d,194,"N,P"
test,P_P130N5_8b8b7b1a-f34c-489d-88eb-451613270b3d,system.00009_P_P130N5_8b8b7b1a-f34c-489d-88eb-451613270b3d,172,"N,P"
test,P_P130N6_ad4e8262-bfb5-49be-8679-a28ee4287eef,system.00010_P_P130N6_ad4e8262-bfb5-49be-8679-a28ee4287eef,158,"N,P"
test,P_P130N6_ee74078f-bc7a-4330-a46a-c9964d4dabd2,system.00011_P_P130N6_ee74078f-bc7a-4330-a46a-c9964d4dabd2,113,"N,P"
test,P_P130N7_2dd91df6-6100-4305-adb3-79179704cffe,system.00012_P_P130N7_2dd91df6-6100-4305-adb3-79179704cffe,200,"N,P"
test,P_P130N7_e236b37e-ec6c-4beb-a178-c706965a3988,system.00013_P_P130N7_e236b37e-ec6c-4beb-a178-c706965a3988,200,"N,P"
test,P_P130N8_4da67312-af60-4b2d-adf5-10c7bd23799c,system.00014_P_P130N8_4da67312-af60-4b2d-adf5-10c7bd23799c,200,"N,P"
test,P_P130N9_743bf692-dea8-42fa-913e-e86dff2ca8a2,system.00015_P_P130N9_743bf692-dea8-42fa-913e-e86dff2ca8a2,182,"N,P"
test,P_P134N2_7d818b15-98d7-46a0-8001-037c616cfa2c,system.00016_P_P134N2_7d818b15-98d7-46a0-8001-037c616cfa2c,200,"N,P"
test,P_P134N3_0bbe3973-1534-431a-8cd6-f17dd0ee3b7a,system.00017_P_P134N3_0bbe3973-1534-431a-8cd6-f17dd0ee3b7a,200,"N,P"
test,P_P134N3_bdc16de1-0e53-494f-a5e7-3c84bce2ac04,system.00018_P_P134N3_bdc16de1-0e53-494f-a5e7-3c84bce2ac04,135,"N,P"
test,P_P134N3_dda7d839-bc4d-48cb-a66f-1ba5db069526,system.00019_P_P134N3_dda7d839-bc4d-48cb-a66f-1ba5db069526,179,"N,P"
test,P_P134N4_6e5f359b-6e75-4487-8517-24b248721bf2,system.00020_P_P134N4_6e5f359b-6e75-4487-8517-24b248721bf2,154,"N,P"
test,P_P134N4_767a10da-c92d-4725-90de-c0a8f0de82ce,system.00021_P_P134N4_767a10da-c92d-4725-90de-c0a8f0de82ce,111,"N,P"
test,P_P134N5_2fb2dac9-625b-4a58-8d71-1ab73a779346,system.00022_P_P134N5_2fb2dac9-625b-4a58-8d71-1ab73a779346,200,"N,P"
test,P_P134N6_830832b7-0dd2-4f20-b337-b06a84de9d62,system.00023_P_P134N6_830832b7-0dd2-4f20-b337-b06a84de9d62,185,"N,P"
test,P_P134N7_618fa7fd-b549-4eda-a5a2-2091f6fae7ba,system.00024_P_P134N7_618fa7fd-b549-4eda-a5a2-2091f6fae7ba,129,"N,P"
test,P_P134N7_e6d8503d-2d3e-4f27-a8a3-d4c9252f50ee,system.00025_P_P134N7_e6d8503d-2d3e-4f27-a8a3-d4c9252f50ee,108,"N,P"
test,P_P134N8_1940fe06-4315-4639-b6ea-12f7b20b6692,system.00026_P_P134N8_1940fe06-4315-4639-b6ea-12f7b20b6692,200,"N,P"
test,P_P134N8_77084258-796b-405c-8b5a-17d19cee3337,system.00027_P_P134N8_77084258-796b-405c-8b5a-17d19cee3337,115,"N,P"
test,P_P134N9_c82f4875-98fb-49f1-ab04-283575a00f39,system.00028_P_P134N9_c82f4875-98fb-49f1-ab04-283575a00f39,192,"N,P"
test,P_P137N1_8d9efecc-9986-4799-a3a6-17f1cb926346,system.00029_P_P137N1_8d9efecc-9986-4799-a3a6-17f1cb926346,106,"N,P"
test,P_P137N2_0d50c75d-1679-4bca-b91a-30bc458a92b4,system.00030_P_P137N2_0d50c75d-1679-4bca-b91a-30bc458a92b4,200,"N,P"
test,P_P137N2_4120326e-e6e5-44e8-8fde-ce97713d0792,system.00031_P_P137N2_4120326e-e6e5-44e8-8fde-ce97713d0792,200,"N,P"
test,P_P137N2_57c8cd82-a352-42c5-bdff-8d5b28abd541,system.00032_P_P137N2_57c8cd82-a352-42c5-bdff-8d5b28abd541,130,"N,P"
test,P_P137N3_58779a3f-bd47-4dc3-8ca1-4e7b8b93f58c,system.00033_P_P137N3_58779a3f-bd47-4dc3-8ca1-4e7b8b93f58c,200,"N,P"
test,P_P137N4_06c3f239-33bb-44df-8e03-5bd0614c77df,system.00034_P_P137N4_06c3f239-33bb-44df-8e03-5bd0614c77df,130,"N,P"
test,P_P137N4_45d7c27d-f7cb-443f-93fd-622d98716a8c,system.00035_P_P137N4_45d7c27d-f7cb-443f-93fd-622d98716a8c,123,"N,P"
test,P_P137N4_605910e6-9b1a-48a5-9eea-ecc820799a67,system.00036_P_P137N4_605910e6-9b1a-48a5-9eea-ecc820799a67,105,"N,P"
test,P_P137N4_eb6b3e67-dea4-41f9-b13e-79dfa9f5300a,system.00037_P_P137N4_eb6b3e67-dea4-41f9-b13e-79dfa9f5300a,121,"N,P"
test,P_P137N5_0358e850-b83f-49ba-84d0-83a60cfc53c0,system.00038_P_P137N5_0358e850-b83f-49ba-84d0-83a60cfc53c0,101,"N,P"
test,P_P137N6_539a3b77-1177-49f8-920e-888a9e3efee1,system.00039_P_P137N6_539a3b77-1177-49f8-920e-888a9e3efee1,88,"N,P"
test,P_P141N1_801ae4a4-5b4a-4480-bf01-dbe9c0f9df3b,system.00040_P_P141N1_801ae4a4-5b4a-4480-bf01-dbe9c0f9df3b,112,"N,P"
test,P_P141N1_aad91e07-a830-46a9-b029-f4631bbc21aa,system.00041_P_P141N1_aad91e07-a830-46a9-b029-f4631bbc21aa,93,"N,P"
test,P_P141N1_e061f29c-4ea8-4686-b353-b7a55664072b,system.00042_P_P141N1_e061f29c-4ea8-4686-b353-b7a55664072b,93,"N,P"
test,P_P141N2_1129b1b9-35c9-487c-8451-3ba62e8a4a28,system.00043_P_P141N2_1129b1b9-35c9-487c-8451-3ba62e8a4a28,108,"N,P"
test,P_P141N2_55cbbf86-9018-4610-8abd-8dc6ba7cfb25,system.00044_P_P141N2_55cbbf86-9018-4610-8abd-8dc6ba7cfb25,87,"N,P"
test,P_P141N2_bbde927d-2e5a-42ea-894b-640c5eb8fe1d,system.00045_P_P141N2_bbde927d-2e5a-42ea-894b-640c5eb8fe1d,86,"N,P"
test,P_P141N3_0cb3f035-4edc-490f-8308-24a5eea2a82f,system.00046_P_P141N3_0cb3f035-4edc-490f-8308-24a5eea2a82f,80,"N,P"
test,P_P141N3_36cf2937-a12b-44cc-8666-c2b40897a308,system.00047_P_P141N3_36cf2937-a12b-44cc-8666-c2b40897a308,65,"N,P"
test,P_P141N3_9d5b58ce-71cd-4d2d-94e6-30695815819b,system.00048_P_P141N3_9d5b58ce-71cd-4d2d-94e6-30695815819b,95,"N,P"
test,P_P141_00cb58bb-9519-47f8-ae57-cfbf5af07806,system.00049_P_P141_00cb58bb-9519-47f8-ae57-cfbf5af07806,112,"N,P"
