cif_id,n_frames
P_P126N9_001cebe5-1160-4066-8518-4a11401a1fd7,200
P_P126N9_09568168-ac12-4e0c-b9c3-05c2a8237172,147
P_P126N9_0a0a6565-d670-47da-9da2-7dde4c4372c9,180
P_P126N9_1249b0f7-6ba1-4eb3-9696-2c070b951597,200
P_P126N9_12f21d69-5dd9-414e-8725-6bf198669ca2,115
P_P126N9_1730857a-2b5a-4925-9cd8-10b9df1f29ac,200
P_P126N9_192dc98f-61c1-4956-80e9-0df31c0abf32,200
P_P126N9_1f7dc053-6c30-4c82-ba4c-335f6d1abf7f,200
P_P126N9_1fa6f41e-505c-4e2a-8ba7-c3c6443fab8e,200
P_P126N9_25816f4a-6e15-467f-83fc-4e1ea7799e2b,200
P_P126N9_2c43a131-a32a-4372-80ed-cb03ec5f2464,200
P_P126N9_314e6036-22ea-459f-baa1-603a415ca576,200
P_P126N9_391eee2d-2512-4811-90f5-6ef38a13d414,200
P_P126N9_3d2e6e89-d1dd-4719-9fb9-22d6fc772e84,200
P_P126N9_40065ef3-33a4-4a04-a7b0-f6b2e2454d9b,199
P_P126N9_474f1e7f-dfcd-4053-91f7-503cc1ea0088,200
P_P126N9_48e32e8c-fb3e-4fab-98d2-39f618ea94d6,200
P_P126N9_4a95634c-e361-441b-afe6-fee6bcb789c2,200
P_P126N9_4c41c46a-fb38-4e43-8130-65d3371d0b25,200
P_P126N9_4d9a369e-93dd-4f42-bf3e-4a7f67636aa7,200
P_P126N9_4db72ad2-5159-4380-be28-61bd35157686,200
P_P126N9_50acf2fa-7559-4526-b45e-dc90898c073a,200
P_P126N9_5a4aaa7a-1bb5-4288-b9b7-d1614f1ae52d,200
P_P126N9_5e3f64e4-f2ac-450e-8cb4-0ad88c9d80c7,200
P_P126N9_5edfe23f-187b-4840-b1c1-b7e1f3f174c6,200
P_P126N9_5eeef3f7-d6b6-4112-a8f3-3459ca7bc417,200
P_P126N9_5f3d0ffd-1140-4c3c-826d-c25b8706254b,200
P_P126N9_616fabd0-e1e2-4906-bd70-28893ed869f7,200
P_P126N9_6308aee1-9f2a-4d8b-add9-8ccf828e4459,200
P_P126N9_63d3ff4b-5857-4592-b45b-912467a1d4c3,200
P_P126N9_65ed0d6c-b183-4fb8-bb61-ddff09de4b38,200
P_P126N9_66cb822e-928f-4034-8a12-3901c8b17d23,200
P_P126N9_68f9d9d1-776d-4373-add0-d476a5c00f6b,200
P_P126N9_697eab6b-5508-41cd-9ca9-361cfb67cff9,200
P_P126N9_7310b347-6231-44de-b0ff-6da0a8da68f8,200
P_P126N9_7380dfa8-dc05-4d80-9588-b428fbab583a,200
P_P126N9_7b53fa5a-ba81-4f48-a017-4e02e3c5e6d4,200
P_P126N9_7bb4a04b-b3e4-4955-9dba-ca0b5d6dfe7f,200
P_P126N9_7c8a6666-3183-41d0-906d-5872d9b7557d,200
P_P126N9_7e089551-95a4-43b8-bd0b-5c8c686dbadf,200
P_P126N9_7e386bda-acfa-4b9b-85ab-262d918dcba3,200
P_P126N9_7fef6429-91c2-4aee-a79c-c727307fb228,200
P_P126N9_82a2caa2-55c6-4409-8ad3-fb3dd6f1081c,200
P_P126N9_88053f0e-3c02-4df9-8704-5832fa09a700,200
P_P126N9_8ba22c7c-d0b3-4b60-87e0-5e8cf04d7b20,200
P_P126N9_8e9cd6c4-cc42-40f5-8972-7502788a45ec,200
P_P126N9_901a7680-277a-4137-9fb4-55480e3280ab,200
P_P126N9_96b4f96c-bccb-4baf-994b-20008b8038dc,200
P_P126N9_994200c7-48e7-4478-8d6b-3498cd023aec,200
P_P126N9_9aa3ffa5-a4ef-4c76-9bef-c8cfc152f2e6,200
P_P126N9_9eb3e12a-558d-48e8-895d-cb367d561b14,200
P_P126N9_9eedb034-d3ea-4bc9-96ab-f9e8140bcc64,200
P_P126N9_a36daa6a-06d2-40db-a973-2be30dc2537f,200
P_P126N9_a6cd800a-d614-4645-877a-e6de215a9874,200
P_P126N9_b1273c09-bf9c-4d25-a799-f3c7013e997b,200
P_P126N9_b1692ba6-5546-4a4e-8f00-b62c1a864bb6,200
P_P126N9_b1e453dc-415f-4957-9871-7e364835d182,163
P_P126N9_b4155960-cde2-4483-9f44-f24548a6e638,200
P_P126N9_b53eefc0-790b-4e73-8783-0f3bb8bf1cc2,200
P_P126N9_b8c22e2a-8e47-404b-b815-a42d55b03fae,154
P_P126N9_bc892344-9e68-4a43-bfb3-6c1d5bcbc679,200
P_P126N9_bf090566-616e-4677-859f-52e2702aac83,200
P_P126N9_c0b80f3b-a14e-4db9-a38e-9b1ea2b2b306,200
P_P126N9_c78a55cb-1fab-417a-b1b5-feaa6377d616,200
P_P126N9_cae1c228-d2fa-45b1-8b5d-2426da33e9f6,200
P_P126N9_cbf225d9-923c-472b-999b-1505b8586322,200
P_P126N9_ccc168f3-e29f-4a6d-b7fa-004479c1b6ef,200
P_P126N9_ce9b0273-a766-430e-ae8b-6fd28920999e,176
P_P126N9_cef8ee4f-27de-48e1-8016-1ba77e9c0658,200
P_P126N9_d6c80d9f-05a1-4732-8867-727505ecdc70,200
P_P126N9_d712b20e-edf9-4f84-98e3-09189f344383,200
P_P126N9_da0e2124-eedf-492e-823d-76695615eb97,200
P_P126N9_db00c914-32cb-423f-9b1e-0cca156ced67,129
P_P126N9_dd890994-b39a-4a20-8cb1-365956eeb1d7,200
P_P126N9_df218ada-bff2-4241-9a7d-fada69001825,200
P_P126N9_e0cbd1a7-9125-4f00-b5b4-0781ba880106,200
P_P126N9_e2cb621f-63bd-46d0-abf6-c3c83d6977c2,200
P_P126N9_e4c357cc-06ee-4854-8a92-f31c1c63a107,200
P_P126N9_e5ce60c6-dcef-4d70-82b8-5fb4c6e6daa5,200
P_P126N9_e5f4bc08-e0cf-42c3-a894-29fc25f626df,138
P_P126N9_e737c37b-ed52-43de-9e34-88efa34d0a72,200
P_P126N9_e81e158e-219c-4792-bb41-fbb403ce199a,200
P_P126N9_ea23f51d-a5bc-4add-8a6f-9dd67d203048,200
P_P126N9_f0965366-b1c2-499d-916a-56ecd381508f,200
P_P126N9_f65db996-9b04-4aa3-af3f-d5e5e4b755ff,200
P_P126N9_fdacf9d4-fc2e-4e9a-80f4-15553a42966e,200
P_P130N5_2c0a7c70-64dc-4f8e-9ad2-76b9b63faab8,200
P_P130N5_4c457252-3cad-4d67-9a4c-b51053edab2e,200
P_P130N5_4e385960-7233-4e3c-9d15-e61da012e8f7,163
P_P130N5_4ee3a88f-97de-4829-ae40-03303b6e6b5f,148
P_P130N5_6e3e845b-8c44-44c0-ba72-6328e12f6052,169
P_P130N5_80f6bc02-a992-4236-9ff5-295b6a41e29c,96
P_P130N5_896edace-b940-4729-b10a-4299f50f3f54,200
P_P130N5_eaa7618c-ccd2-429c-8d8a-d050a79aa4f6,200
P_P130N5_ecdf8c58-5dda-41dd-84a3-7f128e7e4c41,200
P_P130N5_ed2bf4f7-4100-4e7a-8ca4-487c425f22ae,200
P_P130N6_08ba2b13-49a2-4e21-bb5d-88eb3756f542,200
P_P130N6_0cd4835e-8f7f-4b09-b142-165944c92a15,200
P_P130N6_1d3a8609-0aa7-4147-a144-39eb469c3966,115
P_P130N6_218a96bc-dac1-4fa7-8749-3bbb58e1d15d,200
P_P130N6_37773af0-c054-4339-aa42-6e09ec39bbfc,200
P_P130N6_8780cc4a-2c2c-4e87-b15d-2686726157f0,200
P_P130N6_88db6f28-2c41-406d-b843-4a467435e1dd,200
P_P130N6_8f5a7df4-beb3-475e-8e4b-3991d5d4922a,112
P_P130N6_a561b15c-3302-48d7-b324-92890d7914a2,194
P_P130N6_b948f9c5-ec94-4745-b51c-f6bc89cb8bf4,163
P_P130N6_ba791020-e5c2-4b19-8d8d-c8121118f779,200
P_P130N6_c435a7f0-479d-4698-9c35-17c29f15eda8,200
P_P130N6_c80089f3-fe52-447f-ac9a-4918b4a7a919,200
P_P130N6_de7d770b-cec9-4f6e-8f95-aed0f319626d,200
P_P130N6_efbb5525-a45d-4da4-83d9-5c02ac781399,200
P_P130N6_fdc59dc5-9b20-461f-9886-29c7d28ee7a0,144
P_P130N7_01f80b8d-2b13-4c1a-bc47-483b9d022da0,181
P_P130N7_09c76836-eafc-4eba-bc4d-3fbead153841,150
P_P130N7_2025967a-9ab1-4d20-b533-10bf9f3e9ac4,173
P_P130N7_2135ffc4-91ef-43c5-9c02-a683d45b6bad,200
P_P130N7_3bbf346e-d285-465c-bf8f-ec588c33ca93,200
P_P130N7_4a2a1de9-21f5-407c-92b9-fcc691c32f2c,200
P_P130N7_5e586fd5-ff63-46fc-932e-f81f6d62a141,200
P_P130N7_63ba624c-3c3d-48ef-9c65-71c70f391891,200
P_P130N7_66b1afd9-5750-460e-a194-84b877b091c0,200
P_P130N7_67067a32-129b-4042-85a1-9b1472951f67,170
P_P130N7_92210645-49ed-4160-affb-82d7e1378eac,200
P_P130N7_994234e0-6afa-4350-9336-08ff99246c9e,200
P_P130N7_ad5f6a9f-a704-4f5e-ba23-947aebf85ffe,103
P_P130N7_cbb24f34-38ab-490e-ba63-d259d94a7542,200
P_P130N7_cde45174-f3e4-4f7a-ab85-24328593d92f,200
P_P130N7_f91e70ca-6967-4b13-9eb7-597606d554fa,189
P_P130N8_02a763c1-8434-4799-94fb-ae0fa1d9a7c6,117
P_P130N8_08c78543-f2b7-455f-8e22-974c8b4596b5,200
P_P130N8_08f35635-f38e-4fb1-815e-0fad4f3151b9,200
P_P130N8_11fa53a0-1edb-4670-b5f3-e004c73bf4af,200
P_P130N8_1869feb3-2277-4668-a9ea-fcf8e2c063c7,187
P_P130N8_4aac5017-d6d9-4292-8811-719a1f60d73b,200
P_P130N8_5ba3615a-2ff7-4a52-be6b-43df378e9901,167
P_P130N8_6a9c8bef-5a4e-493e-b8d4-7059d206be2b,200
P_P130N8_b6b6d550-e53b-4108-b41b-b25643f0fd24,200
P_P130N8_ca4965fe-3e77-4fcc-b3c3-b04867b3b6f6,177
P_P130N8_d44cef95-6ae9-4b15-b1f6-fb93414e6b3a,167
P_P130N8_db7d6523-770a-42fe-b281-0ca1eb35cbf9,185
P_P130N8_dd71e334-eece-43e1-a544-59db454dd3a4,200
P_P130N8_df98ff3b-6173-4c50-ae56-97602fdf8885,169
P_P130N8_e0cbdf57-ff29-441b-b3c1-3f37dc641a17,200
P_P130N9_12e632da-5c04-4ab7-ad14-49b9b6a8c77b,200
P_P130N9_17b41d60-2546-4181-8472-f88095da555d,200
P_P130N9_1b6fc625-17fa-492f-8b99-6f8f33517b1d,200
P_P130N9_27b92406-2dc7-4122-bfb0-0bfa56a5d9ff,173
P_P130N9_3062eaab-2840-4ec2-9db1-5015c7b9aa4d,112
P_P130N9_3fc7f007-8310-411c-a5e8-a0e6c2637a0c,108
P_P130N9_6442911f-1ed6-4891-b85a-d1b822e2ebdc,142
P_P130N9_71fffdfb-4326-48a2-8c73-33319d961736,200
P_P130N9_74450b87-d1a5-4e39-bf68-a8ecd754afba,200
P_P130N9_8de0d577-74d0-44a2-aeee-f08f4fe990b2,180
P_P130N9_9c55fcfb-4852-4fb8-8dba-4928deac216e,152
P_P130N9_a44c00cc-8235-42f4-9c05-bb42b397e8d4,109
P_P130N9_b6a3ecff-e5af-49b3-a6be-f606fcb52931,200
P_P130N9_c3e5370b-0dc4-4cfc-a17a-d1330199b2ac,200
P_P130N9_c882b163-1c7a-49f2-ba35-bc6295794690,200
P_P130N9_db27f21b-cae3-4918-b3ba-8c8b53c63298,116
P_P130N9_df91be18-c748-407e-ba23-f1eff4499333,149
P_P130N9_e2c5c376-7257-4338-943d-2bf5966c3069,200
P_P130N9_f3fab8c3-3ce2-430a-a807-842bb30610ed,200
P_P130N9_fe8c27f7-59e4-4eb1-8a8c-053424d50d5d,200
P_P134N1_c9de04e1-bbe0-4d3f-a80f-5fbc20ee4341,164
P_P134N2_b92a129c-f235-49ff-9d7a-17762d5bc989,152
P_P134N3_15b930fc-1826-40d2-96ba-9d74d17dabd3,154
P_P134N3_409f65ef-2273-4d8e-a6b1-bb5f60b05449,200
P_P134N3_7ebc2d09-bdac-4179-a839-c70d9f23c09f,200
P_P134N3_9b2d83ba-6543-425a-80ee-c038f54762e6,197
P_P134N3_9d8a29c4-56aa-472d-bd90-e365c71ca7aa,183
P_P134N3_a583a5c5-7ee5-4059-8db9-de8f911cc29a,200
P_P134N3_a677e9e4-ac2d-46cf-a2b1-1d38f6e11e89,193
P_P134N3_cbfa87f8-5485-422b-81ac-40a16b13277a,178
P_P134N3_fded71ba-b99c-418b-b57d-49fa3248c9e2,113
P_P134N4_0353b1ca-5c8a-43b1-b8f5-4f32de886987,197
P_P134N4_1cf43041-d206-4f94-8eee-bb99bf6bb6e3,179
P_P134N4_1f4f24b8-bb8b-46e4-999c-ae52a386ae3a,189
P_P134N4_1fe3516f-1738-48a9-9e5e-18be3c987e21,168
P_P134N4_38f274f6-4e5b-4e75-af8a-d382b8a7f15f,196
P_P134N4_3febdf35-4e17-4685-965c-0fbd755217de,200
P_P134N4_40525fc0-40da-4864-8c25-0c2e48f1dc5d,200
P_P134N4_461e2c63-a6ef-4683-9fd5-c7ca0df15ce2,160
P_P134N4_76bce3cf-0f4f-4e0c-a1c9-c8c6ebcf0a08,124
P_P134N4_868ae9b7-8335-4856-9a20-e132e014bf56,103
P_P134N4_89dc2314-6579-4424-b6c7-d062222a43ae,147
P_P134N4_8c5769b4-9dc9-4032-abac-2af201bc5d8f,181
P_P134N4_8e2fa756-7496-4508-a2a1-3f5fa25aeffe,103
P_P134N4_95d6b15c-5a7c-4057-98c2-34ce9f796f3b,142
P_P134N4_a9df820c-b893-41d5-814e-7bcaac40821e,115
P_P134N4_ae136efa-c44c-4335-a31b-f9925eb03a7b,200
P_P134N4_e02cd285-929e-4369-9fb2-ea222ee54a52,178
P_P134N4_e5ec77f8-8cc3-40ab-8d6b-e52f8d6306e8,162
P_P134N5_014d7867-5bbd-4b36-94ca-25f5445d180a,200
P_P134N5_57f4ae5f-93fb-43cd-96cd-02bd64f2d098,162
P_P134N5_62a407e9-aa9c-4f88-a27f-c89ec12fe962,109
P_P134N5_65de94d6-bf47-4f7d-b5c8-e46f3ee6411d,183
P_P134N5_82af502a-3429-4a1d-a6e2-cdce7962a6e0,200
P_P134N5_8fc90672-e572-478f-a6fb-8713e877498b,176
P_P134N5_a31ed8c7-1605-4f5d-bd26-e5843611b232,200
P_P134N5_a864d784-5a0c-4495-82d5-a679ac327c34,113
P_P134N5_aaa1614d-2055-467f-8b81-2ee6d2079f7d,118
P_P134N5_c23221a9-df60-4cdc-9665-4fdc194c5873,167
P_P134N5_c451268e-ac0d-4124-b970-8314fbde1f26,103
P_P134N5_d2b8d242-9a9b-488f-9798-377052a014f7,153
P_P134N5_def7da73-9b20-4bae-a4a0-595c4a025b9a,200
P_P134N5_f507163f-08d6-4049-b4fc-752a8460244b,200
P_P134N5_f56e1f7a-b220-4377-92eb-6d5b4e24f938,110
P_P134N5_fb60d648-7bf8-48af-bca4-acc90bc17b7b,134
P_P134N6_0c75b3d9-dab1-4c86-b4aa-8a992d8eccb7,200
P_P134N6_1795fa63-6921-49b3-99d2-6d1d42e69da8,200
P_P134N6_27a5dcd5-d616-46a0-93b6-c44ea8bd8b70,145
P_P134N6_2f9acbda-8d5d-41ea-a290-6d9370abf721,200
P_P134N6_3b0609d7-100e-4770-b032-4f7ccb643c8a,200
P_P134N6_7770b6b7-0902-4b9a-8212-c2abcbf9202b,159
P_P134N6_8fec1ea2-f8f7-489d-8c17-4676cc311996,162
P_P134N6_b540332c-a65f-418a-9e58-89aada84e729,122
P_P134N6_c3cf1a78-0368-4c4f-9bba-ba26ce2e58bd,108
P_P134N6_d3a602b0-3ce3-4e8e-82fd-c0b4be0c93b8,166
P_P134N6_da22a42e-e9af-426b-9203-b2620563c393,101
P_P134N6_ddfacc04-1ad3-4d33-aa17-17a6d5d37887,142
P_P134N6_df8cffd8-9f7c-4440-8b00-55c9855a256b,124
P_P134N6_f49d38e2-e192-4630-bf86-69067535a1ea,131
P_P134N7_02381019-d5d0-4d7d-b881-18b484da501e,200
P_P134N7_040fc94c-cd5e-4888-ab7e-e333732cff7f,92
P_P134N7_1c3f1289-4dde-40af-838b-121846aecfd4,115
P_P134N7_408b7e25-21f0-424a-b5ae-3a2bc97d7429,85
P_P134N7_4fc204c8-5fa7-4924-a8ce-d8049b4f8fe1,123
P_P134N7_5c681082-42e5-4bc2-acf1-b232e2db46cc,124
P_P134N7_7fd36a51-a310-4951-a0a5-8764590b96af,130
P_P134N7_8ff501f0-ae56-4896-8503-ce388fa1a3d3,166
P_P134N7_af75a6dc-efbb-4d85-bed9-0d2a67f0de04,186
P_P134N7_b7fc819a-e88b-4ba3-bee1-6524c1a35842,132
P_P134N7_ba8055c9-84af-487a-8205-307dc5f954a5,151
P_P134N7_f560ee56-a141-49ee-9a7f-f34f7e99a2e5,124
P_P134N8_2ffd6ca1-fb18-4077-9a35-fe1b0c31d1f9,170
P_P134N8_6e157880-fca5-4f07-9385-6575dfeed892,98
P_P134N8_734e82b4-bec2-4969-a332-7cb2f9972f37,145
P_P134N8_7d0f0dba-f643-4814-a7f7-d75dc3186f5a,186
P_P134N8_a97435be-b765-4385-9fc5-a6b25d984811,200
P_P134N8_ed83894b-9caf-418b-89c6-c9d163acc79f,89
P_P134N9_fda88fe1-afe4-4c5d-a409-454f60e489ae,84
P_P137N1_87eff9d6-e456-4871-9f93-6127e68a435d,110
P_P137N1_c35bab9c-c90b-4db7-852d-bc1539029f7a,139
P_P137N1_e393d1b7-ad39-404b-8cfc-fe1b3d5c7767,155
P_P137N1_fb22dc6d-9420-4205-a6a5-244e4c826407,130
P_P137N2_0614bca2-4112-4136-9c58-c168ef04c53b,103
P_P137N2_27a3d97f-c60d-43b7-8020-27c44e8190d6,167
P_P137N2_4a1dfd64-7e9d-499a-acd5-a778c137fb55,128
P_P137N2_4d8c34c3-2ad8-4ebf-916a-14524e61569d,115
P_P137N2_6907ea49-0e60-4841-b013-5894e34bf88a,146
P_P137N2_8144e336-4080-442c-b2f3-362f8a9ac509,165
P_P137N2_862356c3-d070-4f77-882c-4ba37debe14c,127
P_P137N2_aad53440-3b76-426e-86f1-2236f98d3e43,172
P_P137N2_bc68362b-2933-4b83-a16f-e13db07be34f,200
P_P137N2_c936beff-ae7b-4ee9-9b38-1d7d0702ae01,119
P_P137N2_ce428a41-48c5-4b12-a52e-f5ac8d9bda00,146
P_P137N2_dce522f0-e6d7-4f11-9ff1-0b62a1b39346,200
P_P137N2_f7041a57-205f-43c6-a02d-0e6cc05dbdb4,158
P_P137N2_f73f4fd9-4f08-4c31-8f18-4dd41ce90be8,143
P_P137N3_3bf7bdab-9467-4eba-9d3e-dcc4aec17939,200
P_P137N3_3ed80fe8-f19f-40bd-9e99-8575a2eb5cfa,186
P_P137N3_54ce393d-7973-471e-9ba0-f0f662413b26,153
P_P137N3_593706db-4f9f-4acc-b2e0-9c2fb11b498f,200
P_P137N3_5d7a9374-4632-43f3-b5e8-a64872e7c817,104
P_P137N3_8223e344-7c6b-4645-8893-a61e95237d84,105
P_P137N3_99e88140-31cf-42ed-96cf-4e5c744f9f6a,121
P_P137N3_a394036d-f70e-435e-a2c8-325b3674a4d9,200
P_P137N3_b0770001-393a-4760-82d3-3e2a703933ec,136
P_P137N3_b6a1be42-2896-4599-abf6-f1447c852b9a,200
P_P137N3_cb02cd7a-05e0-4189-82ee-cd268f655081,198
P_P137N3_cb9a5369-d2e8-41c5-976a-bd149ee360f2,146
P_P137N3_d2806710-f20c-4508-967a-e760a2350b5e,120
P_P137N3_d37ce590-09f2-435c-bdb3-fef947d3a8d1,147
P_P137N3_d847b49d-2b80-4052-9553-7a73cc0deb9c,107
P_P137N3_d8bb5ac7-d807-4f2b-88f6-8b171bfe8850,119
P_P137N3_e4f575e6-b42d-4564-81db-8f036f87fa9e,79
P_P137N3_ef7c3940-76bf-4340-8c6f-62bbf3ab9969,165
P_P137N3_f7a7fe1e-05bb-4b37-a4e0-94578dbdf508,110
P_P137N4_04a6c54d-fdcf-457b-a041-6345740eb494,159
P_P137N4_135e9e55-91a1-4c0e-bcbc-e8552d1f2ae2,200
P_P137N4_25cebdb4-20bd-4196-9cbc-1a0232f91e58,194
P_P137N4_3904a9b6-3627-4562-8220-8af78f431b6c,118
P_P137N4_3dcead56-4e5a-4b78-8f89-10193b208b2d,123
P_P137N4_45f18f50-3411-4635-a490-87621b74004d,114
P_P137N4_48cbff8f-137f-4e9e-9047-75789dc53402,160
P_P137N4_6112b49f-2026-4ddf-ab15-6deb6596ec9c,93
P_P137N4_69eea3f5-821b-4a4e-a7f8-7d712a926a5b,200
P_P137N4_6fc50b2e-fc19-445d-b736-23c9c1ca2981,185
P_P137N4_75682765-03e7-4858-9f32-c42202c85a99,184
P_P137N4_79b6ab5c-3014-4971-9b96-aba26c1aeb85,106
P_P137N4_816ebace-e8d4-40a5-8840-40d844b756a8,134
P_P137N4_87fc71c1-163c-4860-ad4d-f8deb6aa2bdf,200
P_P137N4_aba1f3cb-7561-48ab-a680-955dadd8aff4,110
P_P137N4_b6921c41-11fa-4638-a0f7-d20281b453ba,107
P_P137N4_b958fce9-f0b8-4819-b85f-eeb4809514a1,137
P_P137N4_bc856342-ae65-4e24-931f-eaab57557646,103
P_P137N4_dd09ae5b-5741-427f-9f2f-06c66aea79d6,95
P_P137N4_e8b9ed0e-efc7-4dbe-b6ed-d5ef80a1e5bf,85
P_P137N4_fc5ec95a-5e62-430b-9f2d-b31bf504f60d,126
P_P137N4_fdfb3e17-3c2f-46aa-acba-6e3ccfba43d6,131
P_P137N5_006f3989-8249-47a3-b0a1-cfce4bb48923,200
P_P137N5_05381aa2-cdbb-45f0-8310-e43bd8a4aeae,100
P_P137N5_06e656eb-7795-4fda-9d25-007c19b32527,91
P_P137N5_2196bc90-7bd5-4062-a293-039358e543ee,124
P_P137N5_36c19875-7d34-443a-8891-089717d0a176,152
P_P137N5_40d7c9d1-4f37-4b6b-95cc-ee6219367db3,99
P_P137N5_415e74c5-4995-4a68-a6a9-0a5cecb41573,157
P_P137N5_45a9746a-48b3-4d58-a67e-b61c699017c3,89
P_P137N5_4d202fbd-a289-4234-a0e7-9a54f3680bd8,114
P_P137N5_6fc85a7c-d8ff-4e0c-b1d8-287d3ef7dcde,87
P_P137N5_74427461-f671-4ced-b5cd-ced9d50cd259,147
P_P137N5_a222418f-529e-48d7-a06b-d0dbfb5ce22c,109
P_P137N5_a5a1a6a1-16ea-4918-9a4d-e1c39b75bf01,139
P_P137N5_ae9ec94c-b37c-4051-b67d-a45e48fef13a,200
P_P137N5_bbf5bad7-0099-4585-b8ee-adecb0c032e9,101
P_P137N5_cc69cc56-5c43-41a4-aa3e-40a43b7f7bcf,111
P_P137N6_12e00639-d302-4525-be7c-02ffadbf43d7,142
P_P137N6_8d6dd065-c6f1-4c88-9757-99a0a9cebae4,105
P_P137N6_c0015495-ea6c-4988-9478-0ff9419acec7,89
P_P137N6_f90d2bb8-cdbd-4e27-91b7-f9c8cb9d4840,108
P_P137N7_fb85ca31-7916-4501-80dc-bb6113a97ae1,84
P_P137_065287f6-9bbd-4c7b-82fc-e71e90df7a1c,116
P_P137_accbc2ee-96eb-43b9-8340-bd9a206de692,140
P_P141N1_01bbc325-f6d9-4b60-aff4-5922339c9f86,127
P_P141N1_0f9605a1-adb2-4cab-a10d-a3da9f6a6ef4,138
P_P141N1_109c9551-eb9e-47b7-aa59-68e89709a432,98
P_P141N1_163caa61-5499-4b25-8340-fda78dde7860,200
P_P141N1_1af2b028-736b-48ca-87f2-5c752d827d08,149
P_P141N1_2234ee2a-46f8-4f6b-9f5c-8bedf7031556,151
P_P141N1_25980aaa-7c92-4283-b0ee-c686066ea476,116
P_P141N1_25d8f6eb-aebf-4169-b4c4-c0bdd88c8e08,99
P_P141N1_25e974fc-6710-4e7b-9e9b-a454cfbc0662,111
P_P141N1_2a285334-f6b0-498c-bb4a-788bfd4af4a6,125
P_P141N1_2a5c238a-f320-4c80-a986-95192dc44d0e,121
P_P141N1_335774b0-1fb6-4a37-8514-fb4b89b7d8f7,190
P_P141N1_3403a2e7-4573-4feb-8789-743249e131e6,108
P_P141N1_3a92e1e4-1bff-4be5-b1ca-44fc78809e56,108
P_P141N1_3d43e175-248f-4b7f-b29f-8ef2d334a78b,76
P_P141N1_58ab206a-fb55-47e7-9b8f-9c0b53556a57,162
P_P141N1_5b070561-0a88-4c46-9f0e-27ae72550efc,89
P_P141N1_611c9cde-fd59-4457-848e-f1a2839856c6,121
P_P141N1_61d9a91f-1003-49e6-8021-c94337b2ac08,200
P_P141N1_64f2c31f-7207-4897-9877-60187bcb87d4,119
P_P141N1_662448b0-f7fc-407d-904b-487019da347d,133
P_P141N1_75f54b62-04bb-4b0b-8b9a-93b7bd83349f,91
P_P141N1_76942033-f334-4500-8066-bd98863415b8,127
P_P141N1_83df32c2-423d-4073-872b-6937e8570b22,108
P_P141N1_83e22768-a32d-4dfd-b6d4-d36d944578e2,98
P_P141N1_a2518086-01e9-4fcf-aed5-1a87ef7bf64c,139
P_P141N1_a8b4323a-d54e-49a6-a0bc-553a46cb3529,164
P_P141N1_a8b6294f-6248-467b-a074-023f9c77ae15,127
P_P141N1_b24b667b-7856-42ba-8225-6489a3efe6f2,103
P_P141N1_b3c76831-5b66-4cc1-9b39-9529c0600544,123
P_P141N1_b77b754c-44b4-4ed4-b9db-93b14660f000,166
P_P141N1_c235f70d-9130-48b0-a8b8-0f86e06d25fc,113
P_P141N1_c26dc204-fc9b-4cf9-bcf3-43030fc26fdb,200
P_P141N1_cb33545b-b49e-4146-a875-355a485da47b,109
P_P141N1_dd6a5668-efc9-4f4c-aee8-ac3472eaf09f,140
P_P141N1_eb47fe64-efcc-49f9-b48e-f16d526947e6,121
P_P141N1_f0b75ece-03f7-46c2-8bc0-1973294e096d,132
P_P141N1_f7a69d73-2e7b-49df-8524-162f1099b656,102
P_P141N1_f7df6470-19d5-4760-9456-203d83217874,119
P_P141N1_fbf1d7b8-dd1d-4f2f-8aff-7fd912b6f38f,168
P_P141N2_04a33e23-f383-47b2-b718-95ea4993e1f6,91
P_P141N2_14c141e4-b42a-493f-a636-8ab7ac395859,94
P_P141N2_24cbcb02-7eee-4a28-a1ef-54efe7f6deec,111
P_P141N2_25422909-d4d5-41c2-be6f-33292b1cfc51,126
P_P141N2_2bcc3573-eaa5-4efd-aff2-2e23e9e0712f,105
P_P141N2_2ea7bdd4-233f-4fac-bca7-25de4cc0ba19,95
P_P141N2_368bbf9c-11a7-4a8d-a6d1-f28cb59c5f7a,95
P_P141N2_574c0e5c-061c-473f-bfcb-58b534d4c04b,176
P_P141N2_7d49fea3-c63c-4448-bfbd-4ec14fb288e9,139
P_P141N2_880186a1-64fe-48b6-b506-bfe2f2f1b364,109
P_P141N2_8bc5b068-9187-49d0-b1c1-ef962f5a249e,105
P_P141N2_9010bbf5-7deb-4e2c-aa1b-4501660eb72c,122
P_P141N2_bc3aa07a-bc1b-41f5-944f-e64ef3d18307,82
P_P141N2_bd3707fd-126e-42aa-81d6-dc4f1c33bd4c,102
P_P141N2_c32970f1-4e5a-41ad-99fa-7b438791d6a6,103
P_P141N2_d8ba1f38-49bb-4586-bf30-fa7ece740f3b,111
P_P141N2_dea913b7-a19a-4708-9e9b-c6d71423f991,104
P_P141N2_e2c8d392-c69d-4805-bcb6-f4329e5d3569,106
P_P141N2_e43de1b1-88a6-41e1-815c-5f73d89009e9,101
P_P141N2_ec4f42b1-4dda-49e5-bd0e-a29a817f844a,85
P_P141N2_edb082e6-7c36-490f-890b-dcebdfc8fd01,93
P_P141N2_f5146c04-9fdb-48e6-9e68-25fc39298d70,162
P_P141N2_f8206bfb-ea13-472f-bc5a-e614528efe52,100
P_P141N3_031d7f98-cafb-4c11-a8c8-4f6b5627e515,63
P_P141N3_37434475-2e73-44f5-9518-bc7f77d1301c,71
P_P141N3_9c81ac6e-5f07-49f4-8cab-2f62f253f177,74
P_P141N3_a1bea3f0-e862-4a09-9a87-9fc5ce376097,129
P_P141N3_d8496443-e7b8-4f5d-8e57-88eb1fbe38ff,84
P_P141N3_d93cbdf7-bf6d-4cab-90cd-f96e43732b07,88
P_P141N3_fc942ccc-3244-4a56-ad44-d8387123e395,78
P_P141_0315a297-d591-4160-9fd0-637aadf4ffb1,117
P_P141_129d1ff8-bfb4-4873-989c-36a5e8cbe7ae,109
P_P141_3316d674-3142-4744-aacb-4bbd4ff46387,96
P_P141_6ddd5566-3820-4345-b25c-658be93f7d0c,110
P_P141_83d49210-0207-4b38-a572-a8a582451342,96
P_P141_83ddad39-bb28-4896-93f3-a97b8664304f,133
P_P141_920f0c10-adc7-45fb-ab06-c91e7cd5fb8d,93
P_P141_9bd13c7e-f976-4a03-b23e-4c8e3ef39a40,196
P_P141_aa34213d-bce4-49ff-a97c-73d3daec8ffc,106
P_P141_ba5ccc1f-20c4-4f60-8eee-3d7536c3f3d2,166
P_P141_ca1f2bf6-6047-42a7-8ed6-287e8e33ea17,181
P_P141_fdacad83-a78b-4e2f-ae92-30991b6ba411,114
